0000000000000000
0000000000344BD0
FFFFFFFFFFF73240
FFFFFFFFFF48E040
FFFFFFFFFE335AC0
FFFFFFFFFCC998E0
FFFFFFFFFB254120
FFFFFFFFF9616CC0
FFFFFFFFF79D7700
FFFFFFFFF5F89260
FFFFFFFFF494D990
FFFFFFFFF3927500
FFFFFFFFF3144180
FFFFFFFFF3332F40
FFFFFFFFF3FD5DB0
FFFFFFFFF5744690
FFFFFFFFF788E930
FFFFFFFFFA1EFB80
FFFFFFFFFD0F8C40
000000000030F340
000000000356A300
0000000006597590
000000000916BF60
000000000B726D80
000000000D593620
000000000EC3EEC0
000000000FB5BAA0
00000000103CB440
00000000106F0000
0000000010688820
0000000010455660
00000000101DBAE0
000000001004B060
00000000100629E0
0000000010254F50
00000000105F3650
0000000010A84FF0
0000000010EE79F0
000000001117F0C0
000000001107D590
0000000010A2D710
000000000FCDA960
000000000E7891E0
000000000C99AE80
000000000A353E60
00000000075543C0
00000000040CB390
0000000000763E90
FFFFFFFFFCB062C0
FFFFFFFFF8DE2780
FFFFFFFFF522D150
FFFFFFFFF1A4F4B0
FFFFFFFFEE87C540
FFFFFFFFEBE619D0
FFFFFFFFE9D91C80
FFFFFFFFE86F1D20
FFFFFFFFE7AD3710
FFFFFFFFE792DB50
FFFFFFFFE8174FC0
FFFFFFFFE92BC480
FFFFFFFFEAB55B40
FFFFFFFFEC910050
FFFFFFFFEE9B1FD0
FFFFFFFFF0ABC670
FFFFFFFFF29E25C0
FFFFFFFFF4550540
FFFFFFFFF5BEC1C0
FFFFFFFFF6D28B30
FFFFFFFFF7969720
FFFFFFFFF818F800
FFFFFFFFF87234D0
FFFFFFFFF8C2B5E0
FFFFFFFFF9304A00
FFFFFFFFF9DDFCF0
FFFFFFFFFAF17E20
FFFFFFFFFC859460
FFFFFFFFFEAC7AF0
00000000016942C0
0000000004AD4E90
00000000085FDD30
000000000C58BE70
000000001068B130
00000000145CD950
0000000017FF0BC0
000000001B1CA060
000000001D84C820
000000001F131160
000000001FAEF3B0
000000001F4A3620
000000001DE8E3D0
000000001B9912F0
00000000187B1FD0
0000000014B3FAE0
000000001072F060
000000000BF1BA80
000000000765E620
0000000003087A80
FFFFFFFFFF0D5870
FFFFFFFFFBA18A20
FFFFFFFFF8E2D020
FFFFFFFFF6E1AE10
FFFFFFFFF59F5C20
FFFFFFFFF50CFD00
FFFFFFFFF50FBA00
FFFFFFFFF582B270
FFFFFFFFF6377000
FFFFFFFFF6FC5EF0
FFFFFFFFF79EE260
FFFFFFFFF7F239C0
FFFFFFFFF7D168B0
FFFFFFFFF72475F0
FFFFFFFFF5E18940
FFFFFFFFF4118C90
FFFFFFFFF1CA1040
FFFFFFFFEF335BE0
FFFFFFFFEC7ED1B0
FFFFFFFFE9E55210
FFFFFFFFE7A12E80
FFFFFFFFE5F113B0
FFFFFFFFE50AF9C0
FFFFFFFFE518F500
FFFFFFFFE63A7970
FFFFFFFFE879E9E0
FFFFFFFFEBD0BE10
FFFFFFFFF020EE70
FFFFFFFFF53F6140
FFFFFFFFFAF2A000
0000000000F447C0
0000000006FAA370
000000000CB9D1C0
0000000011ECE740
0000000016552FD0
0000000019C1F8E0
000000001C1471D0
000000001D3CF070
000000001D4162C0
000000001C3A1530
000000001A4CC920
0000000017ADEC80
000000001496D5B0
00000000114A1B40
000000000E0AFC80
000000000B13AC10
0000000008997260
0000000006C45840
0000000005A91660
00000000054B0260
00000000059B1C40
00000000067697F0
0000000007AEA840
00000000090A66A0
000000000A495520
000000000B2B4760
000000000B7601A0
000000000AF71640
00000000098C9BF0
000000000724ACA0
0000000003C1EFE0
FFFFFFFFFF802E10
FFFFFFFFFA8B6F40
FFFFFFFFF5206F50
FFFFFFFFEF8A0F10
FFFFFFFFEA164EB0
FFFFFFFFE5179580
FFFFFFFFE0D9AFD0
FFFFFFFFDDA2B8A0
FFFFFFFFDBA3E9C0
FFFFFFFFDAFC7420
FFFFFFFFDBBCF8C0
FFFFFFFFDDD90290
FFFFFFFFE132E730
FFFFFFFFE595BE20
FFFFFFFFEAC2C350
FFFFFFFFF06E6E10
FFFFFFFFF643EAF0
FFFFFFFFFBF31690
0000000001310620
0000000005BACB50
00000000095AF030
000000000BF47760
000000000D7AE450
000000000DF8CDA0
000000000D8E2740
000000000C6932F0
000000000AC65DE0
0000000008EB4F10
00000000071E8B10
0000000005A5CAD0
0000000004BBA880
00000000048C4B90
0000000005347340
0000000006BC3900
0000000009132D30
000000000C17BCA0
000000000F945830
0000000013454660
0000000016DDF960
000000001A1247F0
000000001C925920
000000001E19CC20
000000001E758C10
000000001D7E6620
000000001B28DFF0
00000000177D92E0
0000000012A129A0
000000000CC8D9B0
00000000063AE960
FFFFFFFFFF4E13D0
FFFFFFFFF85E2990
FFFFFFFFF1C733A0
FFFFFFFFEBDE6F70
FFFFFFFFE6EEC940
FFFFFFFFE3328CB0
FFFFFFFFE0CD1F10
FFFFFFFFDFCF8820
FFFFFFFFE02FB170
FFFFFFFFE1CC0540
FFFFFFFFE472FCA0
FFFFFFFFE7E01B00
FFFFFFFFEBC8B7D0
FFFFFFFFEFDAE550
FFFFFFFFF3C50E80
FFFFFFFFF73EE7C0
FFFFFFFFFA0BFB80
FFFFFFFFFC00C230
FFFFFFFFFD072C50
FFFFFFFFFD1EBA70
FFFFFFFFFC5E5F40
FFFFFFFFFAF113B0
FFFFFFFFF911F4F0
FFFFFFFFF70604E0
FFFFFFFFF51ADF60
FFFFFFFFF39DB8F0
FFFFFFFFF2D1EDF0
FFFFFFFFF2F15130
FFFFFFFFF42399E0
FFFFFFFFF67E6EE0
FFFFFFFFF9FDA410
FFFFFFFFFE833730
0000000003DEA420
0000000009CB85F0
000000000FF56CD0
0000000016031270
000000001B975470
00000000205AB830
0000000023FF1030
00000000264A5C20
00000000271744C0
0000000026554700
00000000240FB730
000000002066FE70
000000001B986C80
0000000015E93E20
000000000FB10730
00000000094F83D0
00000000031E3E70
FFFFFFFFFD730380
FFFFFFFFF897CAB0
FFFFFFFFF4C78AA0
FFFFFFFFF220AEA0
FFFFFFFFF0AF1D80
FFFFFFFFF0668FE0
FFFFFFFFF12272F0
FFFFFFFFF2ACAE60
FFFFFFFFF4C17A80
FFFFFFFFF712FB30
FFFFFFFFF94F4710
FFFFFFFFFB2A6FD0
FFFFFFFFFC6351E0
FFFFFFFFFCC7ECC0
FFFFFFFFFC387A50
FFFFFFFFFAAD3A80
FFFFFFFFF835CF30
FFFFFFFFF4F807F0
FFFFFFFFF12DDFC0
FFFFFFFFED218410
FFFFFFFFE9257090
FFFFFFFFE58E7230
FFFFFFFFE2B2B300
FFFFFFFFE0DD72C0
FFFFFFFFE04615F0
FFFFFFFFE1187220
FFFFFFFFE361DEC0
FFFFFFFFE7199BB0
FFFFFFFFEC1A7430
FFFFFFFFF22CF580
FFFFFFFFF90659E0
00000000004A02B0
000000000795D940
000000000E867F60
0000000014C0C150
0000000019F33CC0
000000001DDF3CF0
00000000205E6690
00000000215E9080
0000000020E877D0
000000001F20DA30
000000001C3CC680
00000000188629D0
00000000144D5120
000000000FEB34C0
000000000BB7D050
0000000008004F20
0000000005041A00
0000000002F46B60
0000000001E656D0
0000000001DB9880
0000000002BBA690
0000000004575950
00000000067162E0
0000000008BF1960
000000000AED91B0
000000000CACCAC0
000000000DB2CB40
000000000DC1D4C0
000000000CB05860
000000000A67B4A0
0000000006EA6980
00000000025659F0
FFFFFFFFFCDD0CD0
FFFFFFFFF6C643E0
FFFFFFFFF06862D0
FFFFFFFFEA217210
FFFFFFFFE4519DB0
FFFFFFFFDF54CA50
FFFFFFFFDB7E1690
FFFFFFFFD90A9BC0
FFFFFFFFD822CA50
FFFFFFFFD8D9A580
FFFFFFFFDB232DE0
FFFFFFFFDEDF3440
FFFFFFFFE3CF44C0
FFFFFFFFE9AA1E90
FFFFFFFFF015A960
FFFFFFFFF6AE4250
FFFFFFFFFD147D20
0000000002EFCCA0
0000000007F24BA0
000000000BE1C860
000000000E97D6C0
00000000100ADE50
00000000104898D0
000000000F75C1E0
000000000DCA5C20
000000000B8CAF10
00000000090F1C80
0000000006A52190
00000000049F73A0
0000000003424870
0000000002C17D10
00000000033E1F30
0000000004C1AC50
00000000073D02E0
000000000A89CD30
000000000E6B9900
0000000012977920
0000000016B7DA80
000000001A7599C0
000000001D77D150
000000001F6FC550
0000000020245100
000000001F67F0E0
000000001D2AF350
00000000197557F0
00000000146D11F0
000000000E4A9050
000000000758F1A0
FFFFFFFFFFF6D1E0
FFFFFFFFF888C540
FFFFFFFFF1747D60
FFFFFFFFEB18B190
FFFFFFFFE5C83F80
FFFFFFFFE1C40520
FFFFFFFFDF345A80
FFFFFFFFDE2DC0E0
FFFFFFFFDEA69FB0
FFFFFFFFE079C450
FFFFFFFFE3717C90
FFFFFFFFE7423CB0
FFFFFFFFEB993080
FFFFFFFFF01AD710
FFFFFFFFF46DC670
FFFFFFFFF840E380
FFFFFFFFFB531E80
FFFFFFFFFD7349C0
FFFFFFFFFE880D50
FFFFFFFFFE93DD30
FFFFFFFFFDACC860
FFFFFFFFFC023C00
FFFFFFFFF9D41350
FFFFFFFFF76DDF70
FFFFFFFFF5244E00
FFFFFFFFF349FAC0
FFFFFFFFF22A5EA0
FFFFFFFFF2052F30
FFFFFFFFF3042D60
FFFFFFFFF5419A80
FFFFFFFFF8BB01A0
FFFFFFFFFD503EF0
0000000002D0FB50
0000000008F52FE0
000000000F649BD0
0000000015C0F250
000000001BA7C530
0000000020BB4080
0000000024A7A460
00000000272D7590
000000002823F060
0000000027759760
00000000252EC680
00000000216F0660
000000001C759830
00000000168D0AF0
0000000010101970
0000000009641F50
0000000002E8C0A0
FFFFFFFFFCF92790
FFFFFFFFF7E4AFD0
FFFFFFFFF3E7B960
FFFFFFFFF1274D20
FFFFFFFFEFB01C30
FFFFFFFFEF74C940
FFFFFFFFF04DCFA0
FFFFFFFFF2044120
FFFFFFFFF45040B0
FFFFFFFFF6DE9000
FFFFFFFFF9599E50
FFFFFFFFFB6FACF0
FFFFFFFFFCDB95F0
FFFFFFFFFD691E40
FFFFFFFFFCF4CB30
FFFFFFFFFB74D8E0
FFFFFFFFF8F91780
FFFFFFFFF5A877A0
FFFFFFFFF1BE5070
FFFFFFFFED8703B0
FFFFFFFFE9585DE0
FFFFFFFFE58B0BD0
FFFFFFFFE279FBC0
FFFFFFFFE0734580
FFFFFFFFDFB19690
FFFFFFFFE063C560
FFFFFFFFE29995A0
FFFFFFFFE64BD380
FFFFFFFFEB553160
FFFFFFFFF17C1D60
FFFFFFFFF87560D0
FFFFFFFFFFE20560
00000000075CC4A0
000000000E7EDA60
0000000014E90F20
000000001A468E70
000000001E5568D0
0000000020EE16D0
0000000021FAB400
0000000021848420
000000001FAFF7A0
000000001CB4D2D0
0000000018DDCA70
00000000147EBAC0
000000000FF31FE0
000000000B9664F0
0000000007B7A920
00000000049BCE50
0000000002745810
000000000159D170
00000000014C9280
000000000234FB10
0000000003E34930
0000000006171E80
0000000008849E00
000000000AD531A0
000000000CB7C700
000000000DDFDAE0
000000000E0CBB30
000000000D142C20
000000000ADC32E0
000000000766C560
0000000002D22780
FFFFFFFFFD4FE6F0
FFFFFFFFF7280430
FFFFFFFFF0B32450
FFFFFFFFEA4F4C40
FFFFFFFFE45FC800
FFFFFFFFDF426610
FFFFFFFFDB4CEA10
FFFFFFFFD8BEEF10
FFFFFFFFD7C18D40
FFFFFFFFD86A2070
FFFFFFFFDAAE6D80
FFFFFFFFDE6DBC90
FFFFFFFFE3694810
FFFFFFFFE9569BC0
FFFFFFFFEFDA10F0
FFFFFFFFF68CE780
FFFFFFFFFD108CD0
0000000003087D70
000000000824C7E0
000000000C27A330
000000000EED2E40
0000000010685020
0000000010A61490
000000000FCBDBD0
000000000E12AF30
000000000BC28050
00000000092EBFD0
0000000006AD4900
0000000004903A20
00000000031D6010
00000000028ADE90
0000000002FAAA30
000000000476E360
0000000006F00690
000000000A411260
000000000E2D15B0
0000000012673800
000000001699D9D0
000000001A6C8CA0
000000001D839A80
000000001F8FDCB0
0000000020562A20
000000001FA80130
000000001D75C140
0000000019C654E0
0000000014BE6170
000000000E96A0B0
00000000079B6840
00000000002BE3B0
FFFFFFFFF8AD7840
FFFFFFFFF1871F20
FFFFFFFFEB1914E0
FFFFFFFFE5B7D430
FFFFFFFFE1A44D10
FFFFFFFFDF08FD90
FFFFFFFFDDFA4EE0
FFFFFFFFDE6F3060
FFFFFFFFE043FF10
FFFFFFFFE3413370
FFFFFFFFE71B92B0
FFFFFFFFEB7EBB60
FFFFFFFFF00E2D30
FFFFFFFFF46EC1B0
FFFFFFFFF84FA310
FFFFFFFFFB6D8EF0
FFFFFFFFFD96D4D0
FFFFFFFFFEB2C0D0
FFFFFFFFFEC0D8A0
FFFFFFFFFDD8A2A0
FFFFFFFFFC29D2E0
FFFFFFFFF9F44F10
FFFFFFFFF7848E00
FFFFFFFFF52F6760
FFFFFFFFF3496020
FFFFFFFFF21DBA60
FFFFFFFFF1ED2990
FFFFFFFFF2E3F070
FFFFFFFFF51A6BB0
FFFFFFFFF88EBC50
FFFFFFFFFD22AF10
0000000002A4E7A0
0000000008CD8800
000000000F447080
0000000015AA8DB0
000000001B9C7FA0
0000000020BBC820
0000000024B336C0
0000000027431B00
00000000284183E0
000000002799E310
0000000025566630
000000002197B8D0
000000001C9C1E30
0000000016AE5290
00000000102A4D00
000000000975D0B0
0000000002F1B5B0
FFFFFFFFFCF9A660
FFFFFFFFF7DD2720
FFFFFFFFF3DA05D0
FFFFFFFFF1142970
FFFFFFFFEF98B180
FFFFFFFFEF5A9890
FFFFFFFFF03484B0
FFFFFFFFF1ED71C0
FFFFFFFFF43D71F0
FFFFFFFFF6D11740
FFFFFFFFF9528710
FFFFFFFFFB6FA200
FFFFFFFFFCE29880
FFFFFFFFFD7542E0
FFFFFFFFFD05A760
FFFFFFFFFB899F70
FFFFFFFFF910A8A0
FFFFFFFFF5BFBEC0
FFFFFFFFF1D3CDB0
FFFFFFFFED9946E0
FFFFFFFFE9663B50
FFFFFFFFE5937E40
FFFFFFFFE27C5410
FFFFFFFFE06F8100
FFFFFFFFDFA90720
FFFFFFFFE056FA40
FFFFFFFFE288FEB0
FFFFFFFFE6382E40
FFFFFFFFEB3FE890
FFFFFFFFF16778F0
FFFFFFFFF8628E50
FFFFFFFFFFD20130
0000000007506F40
000000000E76E110
0000000014E5DA00
000000001A482BD0
000000001E5BB2F0
0000000020F70270
000000002205B120
000000002190CFA0
000000001FBC00F0
000000001CBECC90
0000000018E46D50
00000000148144A0
000000000FF1D2D0
000000000B913E50
0000000007B05CF0
0000000004927110
0000000002692B30
00000000014D3F30
00000000013F2760
0000000002275D60
0000000003D62D20
00000000060BB0F0
00000000087B7200
000000000AD098A0
000000000CB69FE0
000000000DE245A0
000000000E12D670
000000000D1C0F90
000000000AE59450
00000000077143B0
0000000002DD50F0
FFFFFFFFFD5B1860
FFFFFFFFF7327800
FFFFFFFFF0BB8F80
FFFFFFFFEA557250
FFFFFFFFE4638060
FFFFFFFFDF4437E0
FFFFFFFFDB4CC940
FFFFFFFFD8BCE500
FFFFFFFFD7BE7C20
FFFFFFFFD8661CF0
FFFFFFFFDAA999D0
FFFFFFFFDE684730
FFFFFFFFE363E1D0
FFFFFFFFE951AD70
FFFFFFFFEFD5B300
FFFFFFFFF68A2F50
FFFFFFFFFD0E4A50
00000000030659A0
000000000822D8E0
000000000C25FA30
000000000EEBD690
0000000010674E80
0000000010A56770
000000000FCB7B50
000000000E128E40
000000000BC28E10
00000000092EE8C0
0000000006AD78F0
0000000004905E00
00000000031D6780
00000000028ABD20
0000000002FA58A0
0000000004766090
0000000006EF5760
000000000A404140
000000000E2C3250
000000001266B920
000000001699C4B0
000000001A6C81C0
000000001D83ABF0
000000001F907F00
000000002056F8E0
000000001FA905C0
000000001D770150
0000000019C7D1C0
0000000014C01770
000000000E988710
00000000079D71B0
00000000002DFED0
FFFFFFFFF8AF90C0
FFFFFFFFF1891EF0
FFFFFFFFEB1A2600
FFFFFFFFE5B7D430
FFFFFFFFE1A44D10
FFFFFFFFDF08FD90
FFFFFFFFDDFA4EE0
FFFFFFFFDE6F3060
FFFFFFFFE043FF10
FFFFFFFFE3413370
FFFFFFFFE71B92B0
FFFFFFFFEB7EBB60
FFFFFFFFF00E2D30
FFFFFFFFF46EC1B0
FFFFFFFFF84FA310
FFFFFFFFFB6D8EF0
FFFFFFFFFD96D4D0
FFFFFFFFFEB2C0D0
FFFFFFFFFEC0D8A0
FFFFFFFFFDD8A2A0
FFFFFFFFFC29D2E0
FFFFFFFFF9F44F10
FFFFFFFFF7848E00
FFFFFFFFF52F6760
FFFFFFFFF3496020
FFFFFFFFF21DBA60
FFFFFFFFF1ED2990
FFFFFFFFF2E3F070
FFFFFFFFF51A6BB0
FFFFFFFFF88EBC50
FFFFFFFFFD22AF10
0000000002A4E7A0
0000000008CD8800
000000000F447080
0000000015AA8DB0
000000001B9C7FA0
0000000020BBC820
0000000024B336C0
0000000027431B00
00000000284183E0
000000002799E310
0000000025566630
000000002197B8D0
000000001C9C1E30
0000000016AE5290
00000000102A4D00
000000000975D0B0
0000000002F1B5B0
FFFFFFFFFCF9A660
FFFFFFFFF7DD2720
FFFFFFFFF3DA05D0
FFFFFFFFF1142970
FFFFFFFFEF98B180
FFFFFFFFEF5A9890
FFFFFFFFF03484B0
FFFFFFFFF1ED71C0
FFFFFFFFF43D71F0
FFFFFFFFF6D11740
FFFFFFFFF9528710
FFFFFFFFFB6FA200
FFFFFFFFFCE29880
FFFFFFFFFD7542E0
FFFFFFFFFD05A760
FFFFFFFFFB899F70
FFFFFFFFF910A8A0
FFFFFFFFF5BFBEC0
FFFFFFFFF1D3CDB0
FFFFFFFFED9946E0
FFFFFFFFE9663B50
FFFFFFFFE5937E40
FFFFFFFFE27C5410
FFFFFFFFE06F8100
FFFFFFFFDFA90720
FFFFFFFFE056FA40
FFFFFFFFE288FEB0
FFFFFFFFE6382E40
FFFFFFFFEB3FE890
FFFFFFFFF16778F0
FFFFFFFFF8628E50
FFFFFFFFFFD20130
0000000007506F40
000000000E76E110
0000000014E5DA00
000000001A482BD0
000000001E5BB2F0
0000000020F70270
000000002205B120
000000002190CFA0
000000001FBC00F0
000000001CBECC90
0000000018E46D50
00000000148144A0
000000000FF1D2D0
000000000B913E50
0000000007B05CF0
0000000004927110
0000000002692B30
00000000014D3F30
00000000013F2760
0000000002275D60
0000000003D62D20
00000000060BB0F0
00000000087B7200
000000000AD098A0
000000000CB69FE0
000000000DE245A0
000000000E12D670
000000000D1C0F90
000000000AE59450
00000000077143B0
0000000002DD50F0
FFFFFFFFFD5B1860
FFFFFFFFF7327800
FFFFFFFFF0BB8F80
FFFFFFFFEA557250
FFFFFFFFE4638060
FFFFFFFFDF4437E0
FFFFFFFFDB4CC940
FFFFFFFFD8BCE500
FFFFFFFFD7BE7C20
FFFFFFFFD8661CF0
FFFFFFFFDAA999D0
FFFFFFFFDE684730
FFFFFFFFE363E1D0
FFFFFFFFE951AD70
FFFFFFFFEFD5B300
FFFFFFFFF68A2F50
FFFFFFFFFD0E4A50
00000000030659A0
000000000822D8E0
000000000C25FA30
000000000EEBD690
0000000010674E80
0000000010A56770
000000000FCB7B50
000000000E128E40
000000000BC28E10
00000000092EE8C0
0000000006AD78F0
0000000004905E00
00000000031D6780
00000000028ABD20
0000000002FA58A0
0000000004766090
0000000006EF5760
000000000A404140
000000000E2C3250
000000001266B920
000000001699C4B0
000000001A6C81C0
000000001D83ABF0
000000001F907F00
000000002056F8E0
000000001FA905C0
000000001D770150
0000000019C7D1C0
0000000014C01770
000000000E988710
00000000079D71B0
00000000002DFED0
FFFFFFFFF8AF90C0
FFFFFFFFF1891EF0
FFFFFFFFEB1A2600
FFFFFFFFE5B7D430
FFFFFFFFE1A44D10
FFFFFFFFDF08FD90
FFFFFFFFDDFA4EE0
FFFFFFFFDE6F3060
FFFFFFFFE043FF10
FFFFFFFFE3413370
FFFFFFFFE71B92B0
FFFFFFFFEB7EBB60
FFFFFFFFF00E2D30
FFFFFFFFF46EC1B0
FFFFFFFFF84FA310
FFFFFFFFFB6D8EF0
FFFFFFFFFD96D4D0
FFFFFFFFFEB2C0D0
FFFFFFFFFEC0D8A0
FFFFFFFFFDD8A2A0
FFFFFFFFFC29D2E0
FFFFFFFFF9F44F10
FFFFFFFFF7848E00
FFFFFFFFF52F6760
FFFFFFFFF3496020
FFFFFFFFF21DBA60
FFFFFFFFF1ED2990
FFFFFFFFF2E3F070
FFFFFFFFF51A6BB0
FFFFFFFFF88EBC50
FFFFFFFFFD22AF10
0000000002A4E7A0
0000000008CD8800
000000000F447080
0000000015AA8DB0
000000001B9C7FA0
0000000020BBC820
0000000024B336C0
0000000027431B00
00000000284183E0
000000002799E310
0000000025566630
000000002197B8D0
000000001C9C1E30
0000000016AE5290
00000000102A4D00
000000000975D0B0
0000000002F1B5B0
FFFFFFFFFCF9A660
FFFFFFFFF7DD2720
FFFFFFFFF3DA05D0
FFFFFFFFF1142970
FFFFFFFFEF98B180
FFFFFFFFEF5A9890
FFFFFFFFF03484B0
FFFFFFFFF1ED71C0
FFFFFFFFF43D71F0
FFFFFFFFF6D11740
FFFFFFFFF9528710
FFFFFFFFFB6FA200
FFFFFFFFFCE29880
FFFFFFFFFD7542E0
FFFFFFFFFD05A760
FFFFFFFFFB899F70
FFFFFFFFF910A8A0
FFFFFFFFF5BFBEC0
FFFFFFFFF1D3CDB0
FFFFFFFFED9946E0
FFFFFFFFE9663B50
FFFFFFFFE5937E40
FFFFFFFFE27C5410
FFFFFFFFE06F8100
FFFFFFFFDFA90720
FFFFFFFFE056FA40
FFFFFFFFE288FEB0
FFFFFFFFE6382E40
FFFFFFFFEB3FE890
FFFFFFFFF16778F0
FFFFFFFFF8628E50
FFFFFFFFFFD20130
0000000007506F40
000000000E76E110
0000000014E5DA00
000000001A482BD0
000000001E5BB2F0
0000000020F70270
000000002205B120
000000002190CFA0
000000001FBC00F0
000000001CBECC90
0000000018E46D50
00000000148144A0
000000000FF1D2D0
000000000B913E50
0000000007B05CF0
0000000004927110
0000000002692B30
00000000014D3F30
00000000013F2760
0000000002275D60
0000000003D62D20
00000000060BB0F0
00000000087B7200
000000000AD098A0
000000000CB69FE0
000000000DE245A0
000000000E12D670
000000000D1C0F90
000000000AE59450
00000000077143B0
0000000002DD50F0
FFFFFFFFFD5B1860
FFFFFFFFF7327800
FFFFFFFFF0BB8F80
FFFFFFFFEA557250
FFFFFFFFE4638060
FFFFFFFFDF4437E0
FFFFFFFFDB4CC940
FFFFFFFFD8BCE500
FFFFFFFFD7BE7C20
FFFFFFFFD8661CF0
FFFFFFFFDAA999D0
FFFFFFFFDE684730
FFFFFFFFE363E1D0
FFFFFFFFE951AD70
FFFFFFFFEFD5B300
FFFFFFFFF68A2F50
FFFFFFFFFD0E4A50
00000000030659A0
000000000822D8E0
000000000C25FA30
000000000EEBD690
0000000010674E80
0000000010A56770
000000000FCB7B50
000000000E128E40
000000000BC28E10
00000000092EE8C0
0000000006AD78F0
0000000004905E00
00000000031D6780
00000000028ABD20
0000000002FA58A0
0000000004766090
0000000006EF5760
000000000A404140
000000000E2C3250
000000001266B920
000000001699C4B0
000000001A6C81C0
000000001D83ABF0
000000001F907F00
000000002056F8E0
000000001FA905C0
000000001D770150
0000000019C7D1C0
0000000014C01770
000000000E988710
00000000079D71B0
00000000002DFED0
FFFFFFFFF8AF90C0
FFFFFFFFF1891EF0
FFFFFFFFEB1A2600
FFFFFFFFE5B7D430
FFFFFFFFE1A44D10
FFFFFFFFDF08FD90
FFFFFFFFDDFA4EE0
FFFFFFFFDE6F3060
FFFFFFFFE043FF10
FFFFFFFFE3413370
FFFFFFFFE71B92B0
FFFFFFFFEB7EBB60
FFFFFFFFF00E2D30
FFFFFFFFF46EC1B0
FFFFFFFFF84FA310
FFFFFFFFFB6D8EF0
FFFFFFFFFD96D4D0
FFFFFFFFFEB2C0D0
FFFFFFFFFEC0D8A0
FFFFFFFFFDD8A2A0
FFFFFFFFFC29D2E0
FFFFFFFFF9F44F10
FFFFFFFFF7848E00
FFFFFFFFF52F6760
FFFFFFFFF3496020
FFFFFFFFF21DBA60
FFFFFFFFF1ED2990
FFFFFFFFF2E3F070
FFFFFFFFF51A6BB0
FFFFFFFFF88EBC50
FFFFFFFFFD22AF10
0000000002A4E7A0
0000000008CD8800
000000000F447080
0000000015AA8DB0
000000001B9C7FA0
0000000020BBC820
0000000024B336C0
0000000027431B00
00000000284183E0
000000002799E310
0000000025566630
000000002197B8D0
000000001C9C1E30
0000000016AE5290
00000000102A4D00
000000000975D0B0
0000000002F1B5B0
FFFFFFFFFCF9A660
FFFFFFFFF7DD2720
FFFFFFFFF3DA05D0
FFFFFFFFF1142970
FFFFFFFFEF98B180
FFFFFFFFEF5A9890
FFFFFFFFF03484B0
FFFFFFFFF1ED71C0
FFFFFFFFF43D71F0
FFFFFFFFF6D11740
FFFFFFFFF9528710
FFFFFFFFFB6FA200
FFFFFFFFFCE29880
FFFFFFFFFD7542E0
FFFFFFFFFD05A760
FFFFFFFFFB899F70
FFFFFFFFF910A8A0
FFFFFFFFF5BFBEC0
FFFFFFFFF1D3CDB0
FFFFFFFFED9946E0
FFFFFFFFE9663B50
FFFFFFFFE5937E40
FFFFFFFFE27C5410
FFFFFFFFE06F8100
FFFFFFFFDFA90720
FFFFFFFFE056FA40
FFFFFFFFE288FEB0
FFFFFFFFE6382E40
FFFFFFFFEB3FE890
FFFFFFFFF16778F0
FFFFFFFFF8628E50
FFFFFFFFFFD20130
0000000007506F40
000000000E76E110
0000000014E5DA00
000000001A482BD0
000000001E5BB2F0
0000000020F70270
000000002205B120
000000002190CFA0
000000001FBC00F0
000000001CBECC90
0000000018E46D50
00000000148144A0
000000000FF1D2D0
000000000B913E50
0000000007B05CF0
0000000004927110
0000000002692B30
00000000014D3F30
00000000013F2760
0000000002275D60
0000000003D62D20
00000000060BB0F0
00000000087B7200
000000000AD098A0
000000000CB69FE0
000000000DE245A0
000000000E12D670
000000000D1C0F90
000000000AE59450
00000000077143B0
0000000002DD50F0
FFFFFFFFFD5B1860
FFFFFFFFF7327800
FFFFFFFFF0BB8F80
FFFFFFFFEA557250
FFFFFFFFE4638060
FFFFFFFFDF4437E0
FFFFFFFFDB4CC940
FFFFFFFFD8BCE500
FFFFFFFFD7BE7C20
FFFFFFFFD8661CF0
FFFFFFFFDAA999D0
FFFFFFFFDE684730
FFFFFFFFE363E1D0
FFFFFFFFE951AD70
FFFFFFFFEFD5B300
FFFFFFFFF68A2F50
FFFFFFFFFD0E4A50
00000000030659A0
000000000822D8E0
000000000C25FA30
000000000EEBD690
0000000010674E80
0000000010A56770
000000000FCB7B50
000000000E128E40
000000000BC28E10
00000000092EE8C0
0000000006AD78F0
0000000004905E00
00000000031D6780
00000000028ABD20
0000000002FA58A0
0000000004766090
0000000006EF5760
000000000A404140
000000000E2C3250
000000001266B920
000000001699C4B0
000000001A6C81C0
000000001D83ABF0
000000001F907F00
000000002056F8E0
000000001FA905C0
000000001D770150
0000000019C7D1C0
0000000014C01770
000000000E988710
00000000079D71B0
00000000002DFED0
FFFFFFFFF8AF90C0
FFFFFFFFF1891EF0
FFFFFFFFEB1A2600
FFFFFFFFE5B7D430
FFFFFFFFE1A44D10
FFFFFFFFDF08FD90
FFFFFFFFDDFA4EE0
FFFFFFFFDE6F3060
FFFFFFFFE043FF10
FFFFFFFFE3413370
FFFFFFFFE71B92B0
FFFFFFFFEB7EBB60
FFFFFFFFF00E2D30
FFFFFFFFF46EC1B0
FFFFFFFFF84FA310
FFFFFFFFFB6D8EF0
FFFFFFFFFD96D4D0
FFFFFFFFFEB2C0D0
FFFFFFFFFEC0D8A0
FFFFFFFFFDD8A2A0
FFFFFFFFFC29D2E0
FFFFFFFFF9F44F10
FFFFFFFFF7848E00
FFFFFFFFF52F6760
FFFFFFFFF3496020
FFFFFFFFF21DBA60
FFFFFFFFF1ED2990
FFFFFFFFF2E3F070
FFFFFFFFF51A6BB0
FFFFFFFFF88EBC50
FFFFFFFFFD22AF10
0000000002A4E7A0
0000000008CD8800
000000000F447080
0000000015AA8DB0
000000001B9C7FA0
0000000020BBC820
0000000024B336C0
0000000027431B00
00000000284183E0
000000002799E310
0000000025566630
000000002197B8D0
000000001C9C1E30
0000000016AE5290
00000000102A4D00
000000000975D0B0
0000000002F1B5B0
FFFFFFFFFCF9A660
FFFFFFFFF7DD2720
FFFFFFFFF3DA05D0
FFFFFFFFF1142970
FFFFFFFFEF98B180
FFFFFFFFEF5A9890
FFFFFFFFF03484B0
FFFFFFFFF1ED71C0
FFFFFFFFF43D71F0
FFFFFFFFF6D11740
FFFFFFFFF9528710
FFFFFFFFFB6FA200
FFFFFFFFFCE29880
FFFFFFFFFD7542E0
FFFFFFFFFD05A760
FFFFFFFFFB899F70
FFFFFFFFF910A8A0
FFFFFFFFF5BFBEC0
FFFFFFFFF1D3CDB0
FFFFFFFFED9946E0
FFFFFFFFE9663B50
FFFFFFFFE5937E40
FFFFFFFFE27C5410
FFFFFFFFE06F8100
FFFFFFFFDFA90720
FFFFFFFFE056FA40
FFFFFFFFE288FEB0
FFFFFFFFE6382E40
FFFFFFFFEB3FE890
FFFFFFFFF16778F0
FFFFFFFFF8628E50
FFFFFFFFFFD20130
0000000007506F40
000000000E76E110
0000000014E5DA00
000000001A482BD0
000000001E5BB2F0
0000000020F70270
000000002205B120
000000002190CFA0
000000001FBC00F0
000000001CBECC90
0000000018E46D50
00000000148144A0
000000000FF1D2D0
000000000B913E50
0000000007B05CF0
0000000004927110
0000000002692B30
00000000014D3F30
00000000013F2760
0000000002275D60
0000000003D62D20
00000000060BB0F0
00000000087B7200
000000000AD098A0
000000000CB69FE0
000000000DE245A0
000000000E12D670
000000000D1C0F90
000000000AE59450
00000000077143B0
0000000002DD50F0
FFFFFFFFFD5B1860
FFFFFFFFF7327800
FFFFFFFFF0BB8F80
FFFFFFFFEA557250
FFFFFFFFE4638060
FFFFFFFFDF4437E0
FFFFFFFFDB4CC940
FFFFFFFFD8BCE500
FFFFFFFFD7BE7C20
FFFFFFFFD8661CF0
FFFFFFFFDAA999D0
FFFFFFFFDE684730
FFFFFFFFE363E1D0
FFFFFFFFE951AD70
FFFFFFFFEFD5B300
FFFFFFFFF68A2F50
FFFFFFFFFD0E4A50
00000000030659A0
000000000822D8E0
000000000C25FA30
000000000EEBD690
0000000010674E80
0000000010A56770
000000000FCB7B50
000000000E128E40
000000000BC28E10
00000000092EE8C0
0000000006AD78F0
0000000004905E00
00000000031D6780
00000000028ABD20
0000000002FA58A0
0000000004766090
0000000006EF5760
000000000A404140
000000000E2C3250
000000001266B920
000000001699C4B0
000000001A6C81C0
000000001D83ABF0
000000001F907F00
000000002056F8E0
000000001FA905C0
000000001D770150
0000000019C7D1C0
0000000014C01770
000000000E988710
00000000079D71B0
00000000002DFED0
FFFFFFFFF8AF90C0
FFFFFFFFF1891EF0
FFFFFFFFEB1A2600
FFFFFFFFE5B7D430
FFFFFFFFE1A44D10
FFFFFFFFDF08FD90
FFFFFFFFDDFA4EE0
FFFFFFFFDE6F3060
FFFFFFFFE043FF10
FFFFFFFFE3413370
FFFFFFFFE71B92B0
FFFFFFFFEB7EBB60
FFFFFFFFF00E2D30
FFFFFFFFF46EC1B0
FFFFFFFFF84FA310
FFFFFFFFFB6D8EF0
FFFFFFFFFD96D4D0
FFFFFFFFFEB2C0D0
FFFFFFFFFEC0D8A0
FFFFFFFFFDD8A2A0
FFFFFFFFFC29D2E0
FFFFFFFFF9F44F10
FFFFFFFFF7848E00
FFFFFFFFF52F6760
FFFFFFFFF3496020
FFFFFFFFF21DBA60
FFFFFFFFF1ED2990
FFFFFFFFF2E3F070
FFFFFFFFF51A6BB0
FFFFFFFFF88EBC50
FFFFFFFFFD22AF10
0000000002A4E7A0
0000000008CD8800
000000000F447080
0000000015AA8DB0
000000001B9C7FA0
0000000020BBC820
0000000024B336C0
0000000027431B00
00000000284183E0
000000002799E310
0000000025566630
000000002197B8D0
000000001C9C1E30
0000000016AE5290
00000000102A4D00
000000000975D0B0
0000000002F1B5B0
FFFFFFFFFCF9A660
FFFFFFFFF7DD2720
FFFFFFFFF3DA05D0
FFFFFFFFF1142970
FFFFFFFFEF98B180
FFFFFFFFEF5A9890
FFFFFFFFF03484B0
FFFFFFFFF1ED71C0
FFFFFFFFF43D71F0
FFFFFFFFF6D11740
FFFFFFFFF9528710
FFFFFFFFFB6FA200
FFFFFFFFFCE29880
FFFFFFFFFD7542E0
FFFFFFFFFD05A760
FFFFFFFFFB899F70
FFFFFFFFF910A8A0
FFFFFFFFF5BFBEC0
FFFFFFFFF1D3CDB0
FFFFFFFFED9946E0
FFFFFFFFE9663B50
FFFFFFFFE5937E40
FFFFFFFFE27C5410
FFFFFFFFE06F8100
FFFFFFFFDFA90720
FFFFFFFFE056FA40
FFFFFFFFE288FEB0
FFFFFFFFE6382E40
FFFFFFFFEB3FE890
FFFFFFFFF16778F0
FFFFFFFFF8628E50
FFFFFFFFFFD20130
0000000007506F40
000000000E76E110
0000000014E5DA00
000000001A482BD0
000000001E5BB2F0
0000000020F70270
000000002205B120
000000002190CFA0
000000001FBC00F0
000000001CBECC90
0000000018E46D50
00000000148144A0
000000000FF1D2D0
000000000B913E50
0000000007B05CF0
0000000004927110
0000000002692B30
00000000014D3F30
00000000013F2760
0000000002275D60
0000000003D62D20
00000000060BB0F0
00000000087B7200
000000000AD098A0
000000000CB69FE0
000000000DE245A0
000000000E12D670
000000000D1C0F90
000000000AE59450
00000000077143B0
0000000002DD50F0
FFFFFFFFFD5B1860
FFFFFFFFF7327800
FFFFFFFFF0BB8F80
FFFFFFFFEA557250
FFFFFFFFE4638060
FFFFFFFFDF4437E0
FFFFFFFFDB4CC940
FFFFFFFFD8BCE500
FFFFFFFFD7BE7C20
FFFFFFFFD8661CF0
FFFFFFFFDAA999D0
FFFFFFFFDE684730
FFFFFFFFE363E1D0
FFFFFFFFE951AD70
FFFFFFFFEFD5B300
FFFFFFFFF68A2F50
FFFFFFFFFD0E4A50
00000000030659A0
000000000822D8E0
000000000C25FA30
000000000EEBD690
0000000010674E80
0000000010A56770
000000000FCB7B50
000000000E128E40
000000000BC28E10
00000000092EE8C0
0000000006AD78F0
0000000004905E00
00000000031D6780
00000000028ABD20
0000000002FA58A0
0000000004766090
0000000006EF5760
000000000A404140
000000000E2C3250
000000001266B920
000000001699C4B0
000000001A6C81C0
000000001D83ABF0
000000001F907F00
000000002056F8E0
000000001FA905C0
000000001D770150
0000000019C7D1C0
0000000014C01770
000000000E988710
00000000079D71B0
00000000002DFED0
FFFFFFFFF8AF90C0
FFFFFFFFF1891EF0
FFFFFFFFEB1A2600
FFFFFFFFE5B7D430
FFFFFFFFE1A44D10
FFFFFFFFDF08FD90
FFFFFFFFDDFA4EE0
FFFFFFFFDE6F3060
FFFFFFFFE043FF10
FFFFFFFFE3413370
FFFFFFFFE71B92B0
FFFFFFFFEB7EBB60
FFFFFFFFF00E2D30
FFFFFFFFF46EC1B0
FFFFFFFFF84FA310
FFFFFFFFFB6D8EF0
FFFFFFFFFD96D4D0
FFFFFFFFFEB2C0D0
FFFFFFFFFEC0D8A0
FFFFFFFFFDD8A2A0
FFFFFFFFFC29D2E0
FFFFFFFFF9F44F10
FFFFFFFFF7848E00
FFFFFFFFF52F6760
FFFFFFFFF3496020
FFFFFFFFF21DBA60
FFFFFFFFF1ED2990
FFFFFFFFF2E3F070
FFFFFFFFF51A6BB0
FFFFFFFFF88EBC50
FFFFFFFFFD22AF10
0000000002A4E7A0
0000000008CD8800
000000000F447080
0000000015AA8DB0
000000001B9C7FA0
0000000020BBC820
0000000024B336C0
0000000027431B00
00000000284183E0
000000002799E310
0000000025566630
000000002197B8D0
000000001C9C1E30
0000000016AE5290
00000000102A4D00
000000000975D0B0
0000000002F1B5B0
FFFFFFFFFCF9A660
FFFFFFFFF7DD2720
FFFFFFFFF3DA05D0
FFFFFFFFF1142970
FFFFFFFFEF98B180
FFFFFFFFEF5A9890
FFFFFFFFF03484B0
FFFFFFFFF1ED71C0
FFFFFFFFF43D71F0
FFFFFFFFF6D11740
FFFFFFFFF9528710
FFFFFFFFFB6FA200
FFFFFFFFFCE29880
FFFFFFFFFD7542E0
FFFFFFFFFD05A760
FFFFFFFFFB899F70
FFFFFFFFF910A8A0
FFFFFFFFF5BFBEC0
FFFFFFFFF1D3CDB0
FFFFFFFFED9946E0
FFFFFFFFE9663B50
FFFFFFFFE5937E40
FFFFFFFFE27C5410
FFFFFFFFE06F8100
FFFFFFFFDFA90720
FFFFFFFFE056FA40
FFFFFFFFE288FEB0
FFFFFFFFE6382E40
FFFFFFFFEB3FE890
FFFFFFFFF16778F0
FFFFFFFFF8628E50
FFFFFFFFFFD20130
0000000007506F40
000000000E76E110
0000000014E5DA00
000000001A482BD0
000000001E5BB2F0
0000000020F70270
000000002205B120
000000002190CFA0
000000001FBC00F0
000000001CBECC90
0000000018E46D50
00000000148144A0
000000000FF1D2D0
000000000B913E50
0000000007B05CF0
0000000004927110
0000000002692B30
00000000014D3F30
00000000013F2760
0000000002275D60
0000000003D62D20
00000000060BB0F0
00000000087B7200
000000000AD098A0
000000000CB69FE0
000000000DE245A0
000000000E12D670
000000000D1C0F90
000000000AE59450
00000000077143B0
0000000002DD50F0
FFFFFFFFFD5B1860
FFFFFFFFF7327800
FFFFFFFFF0BB8F80
FFFFFFFFEA557250
FFFFFFFFE4638060
FFFFFFFFDF4437E0
FFFFFFFFDB4CC940
FFFFFFFFD8BCE500
FFFFFFFFD7BE7C20
FFFFFFFFD8661CF0
FFFFFFFFDAA999D0
FFFFFFFFDE684730
FFFFFFFFE363E1D0
FFFFFFFFE951AD70
FFFFFFFFEFD5B300
FFFFFFFFF68A2F50
FFFFFFFFFD0E4A50
00000000030659A0
000000000822D8E0
000000000C25FA30
000000000EEBD690
0000000010674E80
0000000010A56770
000000000FCB7B50
000000000E128E40
000000000BC28E10
00000000092EE8C0
0000000006AD78F0
0000000004905E00
00000000031D6780
00000000028ABD20
0000000002FA58A0
0000000004766090
0000000006EF5760
000000000A404140
000000000E2C3250
000000001266B920
000000001699C4B0
000000001A6C81C0
000000001D83ABF0
000000001F907F00
000000002056F8E0
000000001FA905C0
000000001D770150
0000000019C7D1C0
0000000014C01770
000000000E988710
00000000079D71B0
00000000002DFED0
FFFFFFFFF8AF90C0
FFFFFFFFF1891EF0
FFFFFFFFEB1A2600
FFFFFFFFE5B7D430
FFFFFFFFE1A44D10
FFFFFFFFDF08FD90
FFFFFFFFDDFA4EE0
FFFFFFFFDE6F3060
FFFFFFFFE043FF10
FFFFFFFFE3413370
FFFFFFFFE71B92B0
FFFFFFFFEB7EBB60
FFFFFFFFF00E2D30
FFFFFFFFF46EC1B0
FFFFFFFFF84FA310
FFFFFFFFFB6D8EF0
FFFFFFFFFD96D4D0
FFFFFFFFFEB2C0D0
FFFFFFFFFEC0D8A0
FFFFFFFFFDD8A2A0
FFFFFFFFFC29D2E0
FFFFFFFFF9F44F10
FFFFFFFFF7848E00
FFFFFFFFF52F6760
FFFFFFFFF3496020
FFFFFFFFF21DBA60
FFFFFFFFF1ED2990
FFFFFFFFF2E3F070
FFFFFFFFF51A6BB0
FFFFFFFFF88EBC50
FFFFFFFFFD22AF10
0000000002A4E7A0
0000000008CD8800
000000000F447080
0000000015AA8DB0
000000001B9C7FA0
0000000020BBC820
0000000024B336C0
0000000027431B00
00000000284183E0
000000002799E310
0000000025566630
000000002197B8D0
000000001C9C1E30
0000000016AE5290
00000000102A4D00
000000000975D0B0
0000000002F1B5B0
FFFFFFFFFCF9A660
FFFFFFFFF7DD2720
FFFFFFFFF3DA05D0
FFFFFFFFF1142970
FFFFFFFFEF98B180
FFFFFFFFEF5A9890
FFFFFFFFF03484B0
FFFFFFFFF1ED71C0
FFFFFFFFF43D71F0
FFFFFFFFF6D11740
FFFFFFFFF9528710
FFFFFFFFFB6FA200
FFFFFFFFFCE29880
FFFFFFFFFD7542E0
FFFFFFFFFD05A760
FFFFFFFFFB899F70
FFFFFFFFF910A8A0
FFFFFFFFF5BFBEC0
FFFFFFFFF1D3CDB0
FFFFFFFFED9946E0
FFFFFFFFE9663B50
FFFFFFFFE5937E40
FFFFFFFFE27C5410
FFFFFFFFE06F8100
FFFFFFFFDFA90720
FFFFFFFFE056FA40
FFFFFFFFE288FEB0
FFFFFFFFE6382E40
FFFFFFFFEB3FE890
FFFFFFFFF16778F0
FFFFFFFFF8628E50
FFFFFFFFFFD20130
0000000007506F40
000000000E76E110
0000000014E5DA00
000000001A482BD0
000000001E5BB2F0
0000000020F70270
000000002205B120
000000002190CFA0
000000001FBC00F0
000000001CBECC90
0000000018E46D50
00000000148144A0
000000000FF1D2D0
000000000B913E50
0000000007B05CF0
0000000004927110
0000000002692B30
00000000014D3F30
00000000013F2760
0000000002275D60
0000000003D62D20
00000000060BB0F0
00000000087B7200
000000000AD098A0
000000000CB69FE0
000000000DE245A0
000000000E12D670
000000000D1C0F90
000000000AE59450
00000000077143B0
0000000002DD50F0
FFFFFFFFFD5B1860
FFFFFFFFF7327800
FFFFFFFFF0BB8F80
FFFFFFFFEA557250
FFFFFFFFE4638060
FFFFFFFFDF4437E0
FFFFFFFFDB4CC940
FFFFFFFFD8BCE500
FFFFFFFFD7BE7C20
FFFFFFFFD8661CF0
FFFFFFFFDAA999D0
FFFFFFFFDE684730
FFFFFFFFE363E1D0
FFFFFFFFE951AD70
FFFFFFFFEFD5B300
FFFFFFFFF68A2F50
FFFFFFFFFD0E4A50
00000000030659A0
000000000822D8E0
000000000C25FA30
000000000EEBD690
0000000010674E80
0000000010A56770
000000000FCB7B50
000000000E128E40
000000000BC28E10
00000000092EE8C0
0000000006AD78F0
0000000004905E00
00000000031D6780
00000000028ABD20
0000000002FA58A0
0000000004766090
0000000006EF5760
000000000A404140
000000000E2C3250
000000001266B920
000000001699C4B0
000000001A6C81C0
000000001D83ABF0
000000001F907F00
000000002056F8E0
000000001FA905C0
000000001D770150
0000000019C7D1C0
0000000014C01770
000000000E988710
00000000079D71B0
00000000002DFED0
FFFFFFFFF8AF90C0
FFFFFFFFF1891EF0
FFFFFFFFEB1A2600
FFFFFFFFE5B7D430
FFFFFFFFE1A44D10
FFFFFFFFDF08FD90
FFFFFFFFDDFA4EE0
FFFFFFFFDE6F3060
FFFFFFFFE043FF10
FFFFFFFFE3413370
FFFFFFFFE71B92B0
FFFFFFFFEB7EBB60
FFFFFFFFF00E2D30
FFFFFFFFF46EC1B0
FFFFFFFFF84FA310
FFFFFFFFFB6D8EF0
FFFFFFFFFD96D4D0
FFFFFFFFFEB2C0D0
FFFFFFFFFEC0D8A0
FFFFFFFFFDD8A2A0
FFFFFFFFFC29D2E0
FFFFFFFFF9F44F10
FFFFFFFFF7848E00
FFFFFFFFF52F6760
FFFFFFFFF3496020
FFFFFFFFF21DBA60
FFFFFFFFF1ED2990
FFFFFFFFF2E3F070
FFFFFFFFF51A6BB0
FFFFFFFFF88EBC50
FFFFFFFFFD22AF10
0000000002A4E7A0
0000000008CD8800
000000000F447080
0000000015AA8DB0
000000001B9C7FA0
0000000020BBC820
0000000024B336C0
0000000027431B00
00000000284183E0
000000002799E310
0000000025566630
000000002197B8D0
000000001C9C1E30
0000000016AE5290
00000000102A4D00
000000000975D0B0
0000000002F1B5B0
FFFFFFFFFCF9A660
FFFFFFFFF7DD2720
FFFFFFFFF3DA05D0
FFFFFFFFF1142970
FFFFFFFFEF98B180
FFFFFFFFEF5A9890
FFFFFFFFF03484B0
FFFFFFFFF1ED71C0
FFFFFFFFF43D71F0
FFFFFFFFF6D11740
FFFFFFFFF9528710
FFFFFFFFFB6FA200
FFFFFFFFFCE29880
FFFFFFFFFD7542E0
FFFFFFFFFD05A760
FFFFFFFFFB899F70
FFFFFFFFF910A8A0
FFFFFFFFF5BFBEC0
FFFFFFFFF1D3CDB0
FFFFFFFFED9946E0
FFFFFFFFE9663B50
FFFFFFFFE5937E40
FFFFFFFFE27C5410
FFFFFFFFE06F8100
FFFFFFFFDFA90720
FFFFFFFFE056FA40
FFFFFFFFE288FEB0
FFFFFFFFE6382E40
FFFFFFFFEB3FE890
FFFFFFFFF16778F0
FFFFFFFFF8628E50
FFFFFFFFFFD20130
0000000007506F40
000000000E76E110
0000000014E5DA00
000000001A482BD0
000000001E5BB2F0
0000000020F70270
000000002205B120
000000002190CFA0
000000001FBC00F0
000000001CBECC90
0000000018E46D50
00000000148144A0
000000000FF1D2D0
000000000B913E50
0000000007B05CF0
0000000004927110
0000000002692B30
00000000014D3F30
00000000013F2760
0000000002275D60
0000000003D62D20
00000000060BB0F0
00000000087B7200
000000000AD098A0
000000000CB69FE0
000000000DE245A0
000000000E12D670
000000000D1C0F90
000000000AE59450
00000000077143B0
0000000002DD50F0
FFFFFFFFFD5B1860
FFFFFFFFF7327800
FFFFFFFFF0BB8F80
FFFFFFFFEA557250
FFFFFFFFE4638060
FFFFFFFFDF4437E0
FFFFFFFFDB4CC940
FFFFFFFFD8BCE500
FFFFFFFFD7BE7C20
FFFFFFFFD8661CF0
FFFFFFFFDAA999D0
FFFFFFFFDE684730
FFFFFFFFE363E1D0
FFFFFFFFE951AD70
FFFFFFFFEFD5B300
FFFFFFFFF68A2F50
FFFFFFFFFD0E4A50
00000000030659A0
000000000822D8E0
000000000C25FA30
000000000EEBD690
0000000010674E80
0000000010A56770
000000000FCB7B50
000000000E128E40
000000000BC28E10
00000000092EE8C0
0000000006AD78F0
0000000004905E00
00000000031D6780
00000000028ABD20
0000000002FA58A0
0000000004766090
0000000006EF5760
000000000A404140
000000000E2C3250
000000001266B920
000000001699C4B0
000000001A6C81C0
000000001D83ABF0
000000001F907F00
000000002056F8E0
000000001FA905C0
000000001D770150
0000000019C7D1C0
0000000014C01770
000000000E988710
00000000079D71B0
00000000002DFED0
FFFFFFFFF8AF90C0
FFFFFFFFF1891EF0
FFFFFFFFEB1A2600
FFFFFFFFE5B7D430
FFFFFFFFE1A44D10
FFFFFFFFDF08FD90
FFFFFFFFDDFA4EE0
FFFFFFFFDE6F3060
FFFFFFFFE043FF10
FFFFFFFFE3413370
FFFFFFFFE71B92B0
FFFFFFFFEB7EBB60
FFFFFFFFF00E2D30
FFFFFFFFF46EC1B0
FFFFFFFFF84FA310
FFFFFFFFFB6D8EF0
FFFFFFFFFD96D4D0
FFFFFFFFFEB2C0D0
FFFFFFFFFEC0D8A0
FFFFFFFFFDD8A2A0
FFFFFFFFFC29D2E0
FFFFFFFFF9F44F10
FFFFFFFFF7848E00
FFFFFFFFF52F6760
FFFFFFFFF3496020
FFFFFFFFF21DBA60
FFFFFFFFF1ED2990
FFFFFFFFF2E3F070
FFFFFFFFF51A6BB0
FFFFFFFFF88EBC50
FFFFFFFFFD22AF10
0000000002A4E7A0
0000000008CD8800
000000000F447080
0000000015AA8DB0
000000001B9C7FA0
0000000020BBC820
0000000024B336C0
0000000027431B00
00000000284183E0
000000002799E310
0000000025566630
000000002197B8D0
000000001C9C1E30
0000000016AE5290
00000000102A4D00
000000000975D0B0
0000000002F1B5B0
FFFFFFFFFCF9A660
FFFFFFFFF7DD2720
FFFFFFFFF3DA05D0
FFFFFFFFF1142970
FFFFFFFFEF98B180
FFFFFFFFEF5A9890
FFFFFFFFF03484B0
FFFFFFFFF1ED71C0
FFFFFFFFF43D71F0
FFFFFFFFF6D11740
FFFFFFFFF9528710
FFFFFFFFFB6FA200
FFFFFFFFFCE29880
FFFFFFFFFD7542E0
FFFFFFFFFD05A760
FFFFFFFFFB899F70
FFFFFFFFF910A8A0
FFFFFFFFF5BFBEC0
FFFFFFFFF1D3CDB0
FFFFFFFFED9946E0
FFFFFFFFE9663B50
FFFFFFFFE5937E40
FFFFFFFFE27C5410
FFFFFFFFE06F8100
FFFFFFFFDFA90720
FFFFFFFFE056FA40
FFFFFFFFE288FEB0
FFFFFFFFE6382E40
FFFFFFFFEB3FE890
FFFFFFFFF16778F0
FFFFFFFFF8628E50
FFFFFFFFFFD20130
0000000007506F40
000000000E76E110
0000000014E5DA00
000000001A482BD0
000000001E5BB2F0
0000000020F70270
000000002205B120
000000002190CFA0
000000001FBC00F0
000000001CBECC90
0000000018E46D50
00000000148144A0
000000000FF1D2D0
000000000B913E50
0000000007B05CF0
0000000004927110
0000000002692B30
00000000014D3F30
00000000013F2760
0000000002275D60
0000000003D62D20
00000000060BB0F0
00000000087B7200
000000000AD098A0
000000000CB69FE0
000000000DE245A0
000000000E12D670
000000000D1C0F90
000000000AE59450
00000000077143B0
0000000002DD50F0
FFFFFFFFFD5B1860
FFFFFFFFF7327800
FFFFFFFFF0BB8F80
FFFFFFFFEA557250
FFFFFFFFE4638060
FFFFFFFFDF4437E0
FFFFFFFFDB4CC940
FFFFFFFFD8BCE500
FFFFFFFFD7BE7C20
FFFFFFFFD8661CF0
FFFFFFFFDAA999D0
FFFFFFFFDE684730
FFFFFFFFE363E1D0
FFFFFFFFE951AD70
FFFFFFFFEFD5B300
FFFFFFFFF68A2F50
FFFFFFFFFD0E4A50
00000000030659A0
000000000822D8E0
000000000C25FA30
000000000EEBD690
0000000010674E80
0000000010A56770
000000000FCB7B50
000000000E128E40
000000000BC28E10
00000000092EE8C0
0000000006AD78F0
0000000004905E00
00000000031D6780
00000000028ABD20
0000000002FA58A0
0000000004766090
0000000006EF5760
000000000A404140
000000000E2C3250
000000001266B920
000000001699C4B0
000000001A6C81C0
000000001D83ABF0
000000001F907F00
000000002056F8E0
000000001FA905C0
000000001D770150
0000000019C7D1C0
0000000014C01770
000000000E988710
00000000079D71B0
00000000002DFED0
FFFFFFFFF8AF90C0
FFFFFFFFF1891EF0
FFFFFFFFEB1A2600
FFFFFFFFE5B7D430
FFFFFFFFE1A44D10
FFFFFFFFDF08FD90
FFFFFFFFDDFA4EE0
FFFFFFFFDE6F3060
FFFFFFFFE043FF10
FFFFFFFFE3413370
FFFFFFFFE71B92B0
FFFFFFFFEB7EBB60
FFFFFFFFF00E2D30
FFFFFFFFF46EC1B0
FFFFFFFFF84FA310
FFFFFFFFFB6D8EF0
FFFFFFFFFD96D4D0
FFFFFFFFFEB2C0D0
FFFFFFFFFEC0D8A0
FFFFFFFFFDD8A2A0
FFFFFFFFFC29D2E0
FFFFFFFFF9F44F10
FFFFFFFFF7848E00
FFFFFFFFF52F6760
FFFFFFFFF3496020
FFFFFFFFF21DBA60
FFFFFFFFF1ED2990
FFFFFFFFF2E3F070
FFFFFFFFF51A6BB0
FFFFFFFFF88EBC50
FFFFFFFFFD22AF10
0000000002A4E7A0
0000000008CD8800
000000000F447080
0000000015AA8DB0
000000001B9C7FA0
0000000020BBC820
0000000024B336C0
0000000027431B00
00000000284183E0
000000002799E310
0000000025566630
000000002197B8D0
000000001C9C1E30
0000000016AE5290
00000000102A4D00
000000000975D0B0
0000000002F1B5B0
FFFFFFFFFCF9A660
FFFFFFFFF7DD2720
FFFFFFFFF3DA05D0
FFFFFFFFF1142970
FFFFFFFFEF98B180
FFFFFFFFEF5A9890
FFFFFFFFF03484B0
FFFFFFFFF1ED71C0
FFFFFFFFF43D71F0
FFFFFFFFF6D11740
FFFFFFFFF9528710
FFFFFFFFFB6FA200
FFFFFFFFFCE29880
FFFFFFFFFD7542E0
FFFFFFFFFD05A760
FFFFFFFFFB899F70
FFFFFFFFF910A8A0
FFFFFFFFF5BFBEC0
FFFFFFFFF1D3CDB0
FFFFFFFFED9946E0
FFFFFFFFE9663B50
FFFFFFFFE5937E40
FFFFFFFFE27C5410
FFFFFFFFE06F8100
FFFFFFFFDFA90720
FFFFFFFFE056FA40
FFFFFFFFE288FEB0
FFFFFFFFE6382E40
FFFFFFFFEB3FE890
FFFFFFFFF16778F0
FFFFFFFFF8628E50
FFFFFFFFFFD20130
0000000007506F40
000000000E76E110
0000000014E5DA00
000000001A482BD0
000000001E5BB2F0
0000000020F70270
000000002205B120
000000002190CFA0
000000001FBC00F0
000000001CBECC90
0000000018E46D50
00000000148144A0
000000000FF1D2D0
000000000B913E50
0000000007B05CF0
0000000004927110
0000000002692B30
00000000014D3F30
00000000013F2760
0000000002275D60
0000000003D62D20
00000000060BB0F0
00000000087B7200
000000000AD098A0
000000000CB69FE0
000000000DE245A0
000000000E12D670
000000000D1C0F90
000000000AE59450
00000000077143B0
0000000002DD50F0
FFFFFFFFFD5B1860
FFFFFFFFF7327800
FFFFFFFFF0BB8F80
FFFFFFFFEA557250
FFFFFFFFE4638060
FFFFFFFFDF4437E0
FFFFFFFFDB4CC940
FFFFFFFFD8BCE500
FFFFFFFFD7BE7C20
FFFFFFFFD8661CF0
FFFFFFFFDAA999D0
FFFFFFFFDE684730
FFFFFFFFE363E1D0
FFFFFFFFE951AD70
FFFFFFFFEFD5B300
FFFFFFFFF68A2F50
FFFFFFFFFD0E4A50
00000000030659A0
000000000822D8E0
000000000C25FA30
000000000EEBD690
0000000010674E80
0000000010A56770
000000000FCB7B50
000000000E128E40
000000000BC28E10
00000000092EE8C0
0000000006AD78F0
0000000004905E00
00000000031D6780
00000000028ABD20
0000000002FA58A0
0000000004766090
0000000006EF5760
000000000A404140
000000000E2C3250
000000001266B920
000000001699C4B0
000000001A6C81C0
000000001D83ABF0
000000001F907F00
000000002056F8E0
000000001FA905C0
000000001D770150
0000000019C7D1C0
0000000014C01770
000000000E988710
00000000079D71B0
00000000002DFED0
FFFFFFFFF8AF90C0
FFFFFFFFF1891EF0
FFFFFFFFEB1A2600
FFFFFFFFE5B7D430
FFFFFFFFE1A44D10
FFFFFFFFDF08FD90
FFFFFFFFDDFA4EE0
FFFFFFFFDE6F3060
FFFFFFFFE043FF10
FFFFFFFFE3413370
FFFFFFFFE71B92B0
FFFFFFFFEB7EBB60
FFFFFFFFF00E2D30
FFFFFFFFF46EC1B0
FFFFFFFFF84FA310
FFFFFFFFFB6D8EF0
FFFFFFFFFD96D4D0
FFFFFFFFFEB2C0D0
FFFFFFFFFEC0D8A0
FFFFFFFFFDD8A2A0
FFFFFFFFFC29D2E0
FFFFFFFFF9F44F10
FFFFFFFFF7848E00
FFFFFFFFF52F6760
FFFFFFFFF3496020
FFFFFFFFF21DBA60
FFFFFFFFF1ED2990
FFFFFFFFF2E3F070
FFFFFFFFF51A6BB0
FFFFFFFFF88EBC50
FFFFFFFFFD22AF10
0000000002A4E7A0
0000000008CD8800
000000000F447080
0000000015AA8DB0
000000001B9C7FA0
0000000020BBC820
0000000024B336C0
0000000027431B00
00000000284183E0
000000002799E310
0000000025566630
000000002197B8D0
000000001C9C1E30
0000000016AE5290
00000000102A4D00
000000000975D0B0
0000000002F1B5B0
FFFFFFFFFCF9A660
FFFFFFFFF7DD2720
FFFFFFFFF3DA05D0
FFFFFFFFF1142970
FFFFFFFFEF98B180
FFFFFFFFEF5A9890
FFFFFFFFF03484B0
FFFFFFFFF1ED71C0
FFFFFFFFF43D71F0
FFFFFFFFF6D11740
FFFFFFFFF9528710
FFFFFFFFFB6FA200
FFFFFFFFFCE29880
FFFFFFFFFD7542E0
FFFFFFFFFD05A760
FFFFFFFFFB899F70
FFFFFFFFF910A8A0
FFFFFFFFF5BFBEC0
FFFFFFFFF1D3CDB0
FFFFFFFFED9946E0
FFFFFFFFE9663B50
FFFFFFFFE5937E40
FFFFFFFFE27C5410
FFFFFFFFE06F8100
FFFFFFFFDFA90720
FFFFFFFFE056FA40
FFFFFFFFE288FEB0
FFFFFFFFE6382E40
FFFFFFFFEB3FE890
FFFFFFFFF16778F0
FFFFFFFFF8628E50
FFFFFFFFFFD20130
0000000007506F40
000000000E76E110
0000000014E5DA00
000000001A482BD0
000000001E5BB2F0
0000000020F70270
000000002205B120
000000002190CFA0
000000001FBC00F0
000000001CBECC90
0000000018E46D50
00000000148144A0
000000000FF1D2D0
000000000B913E50
0000000007B05CF0
0000000004927110
0000000002692B30
00000000014D3F30
00000000013F2760
0000000002275D60
0000000003D62D20
00000000060BB0F0
00000000087B7200
000000000AD098A0
000000000CB69FE0
000000000DE245A0
000000000E12D670
000000000D1C0F90
000000000AE59450
00000000077143B0
0000000002DD50F0
FFFFFFFFFD5B1860
FFFFFFFFF7327800
FFFFFFFFF0BB8F80
FFFFFFFFEA557250
FFFFFFFFE4638060
FFFFFFFFDF4437E0
FFFFFFFFDB4CC940
FFFFFFFFD8BCE500
FFFFFFFFD7BE7C20
FFFFFFFFD8661CF0
FFFFFFFFDAA999D0
FFFFFFFFDE684730
FFFFFFFFE363E1D0
FFFFFFFFE951AD70
FFFFFFFFEFD5B300
FFFFFFFFF68A2F50
FFFFFFFFFD0E4A50
00000000030659A0
000000000822D8E0
000000000C25FA30
000000000EEBD690
0000000010674E80
0000000010A56770
000000000FCB7B50
000000000E128E40
000000000BC28E10
00000000092EE8C0
0000000006AD78F0
0000000004905E00
00000000031D6780
00000000028ABD20
0000000002FA58A0
0000000004766090
0000000006EF5760
000000000A404140
000000000E2C3250
000000001266B920
000000001699C4B0
000000001A6C81C0
000000001D83ABF0
000000001F907F00
000000002056F8E0
000000001FA905C0
000000001D770150
0000000019C7D1C0
0000000014C01770
000000000E988710
00000000079D71B0
00000000002DFED0
FFFFFFFFF8AF90C0
FFFFFFFFF1891EF0
FFFFFFFFEB1A2600
FFFFFFFFE5B7D430
FFFFFFFFE1A44D10
FFFFFFFFDF08FD90
FFFFFFFFDDFA4EE0
FFFFFFFFDE6F3060
FFFFFFFFE043FF10
FFFFFFFFE3413370
FFFFFFFFE71B92B0
FFFFFFFFEB7EBB60
FFFFFFFFF00E2D30
FFFFFFFFF46EC1B0
FFFFFFFFF84FA310
FFFFFFFFFB6D8EF0
FFFFFFFFFD96D4D0
FFFFFFFFFEB2C0D0
FFFFFFFFFEC0D8A0
FFFFFFFFFDD8A2A0
FFFFFFFFFC29D2E0
FFFFFFFFF9F44F10
FFFFFFFFF7848E00
FFFFFFFFF52F6760
FFFFFFFFF3496020
FFFFFFFFF21DBA60
FFFFFFFFF1ED2990
FFFFFFFFF2E3F070
FFFFFFFFF51A6BB0
FFFFFFFFF88EBC50
FFFFFFFFFD22AF10
0000000002A4E7A0
0000000008CD8800
000000000F447080
0000000015AA8DB0
000000001B9C7FA0
0000000020BBC820
0000000024B336C0
0000000027431B00
00000000284183E0
000000002799E310
0000000025566630
000000002197B8D0
000000001C9C1E30
0000000016AE5290
00000000102A4D00
000000000975D0B0
0000000002F1B5B0
FFFFFFFFFCF9A660
FFFFFFFFF7DD2720
FFFFFFFFF3DA05D0
FFFFFFFFF1142970
FFFFFFFFEF98B180
FFFFFFFFEF5A9890
FFFFFFFFF03484B0
FFFFFFFFF1ED71C0
FFFFFFFFF43D71F0
FFFFFFFFF6D11740
FFFFFFFFF9528710
FFFFFFFFFB6FA200
FFFFFFFFFCE29880
FFFFFFFFFD7542E0
FFFFFFFFFD05A760
FFFFFFFFFB899F70
FFFFFFFFF910A8A0
FFFFFFFFF5BFBEC0
FFFFFFFFF1D3CDB0
FFFFFFFFED9946E0
FFFFFFFFE9663B50
FFFFFFFFE5937E40
FFFFFFFFE27C5410
FFFFFFFFE06F8100
FFFFFFFFDFA90720
FFFFFFFFE056FA40
FFFFFFFFE288FEB0
FFFFFFFFE6382E40
FFFFFFFFEB3FE890
FFFFFFFFF16778F0
FFFFFFFFF8628E50
FFFFFFFFFFD20130
0000000007506F40
000000000E76E110
0000000014E5DA00
000000001A482BD0
000000001E5BB2F0
0000000020F70270
000000002205B120
000000002190CFA0
000000001FBC00F0
000000001CBECC90
0000000018E46D50
00000000148144A0
000000000FF1D2D0
000000000B913E50
0000000007B05CF0
0000000004927110
0000000002692B30
00000000014D3F30
00000000013F2760
0000000002275D60
0000000003D62D20
00000000060BB0F0
00000000087B7200
000000000AD098A0
000000000CB69FE0
000000000DE245A0
000000000E12D670
000000000D1C0F90
000000000AE59450
00000000077143B0
0000000002DD50F0
FFFFFFFFFD5B1860
FFFFFFFFF7327800
FFFFFFFFF0BB8F80
FFFFFFFFEA557250
FFFFFFFFE4638060
FFFFFFFFDF4437E0
FFFFFFFFDB4CC940
FFFFFFFFD8BCE500
FFFFFFFFD7BE7C20
FFFFFFFFD8661CF0
FFFFFFFFDAA999D0
FFFFFFFFDE684730
FFFFFFFFE363E1D0
FFFFFFFFE951AD70
FFFFFFFFEFD5B300
FFFFFFFFF68A2F50
FFFFFFFFFD0E4A50
00000000030659A0
000000000822D8E0
000000000C25FA30
000000000EEBD690
0000000010674E80
0000000010A56770
000000000FCB7B50
000000000E128E40
000000000BC28E10
00000000092EE8C0
0000000006AD78F0
0000000004905E00
00000000031D6780
00000000028ABD20
0000000002FA58A0
0000000004766090
0000000006EF5760
000000000A404140
000000000E2C3250
000000001266B920
000000001699C4B0
000000001A6C81C0
000000001D83ABF0
000000001F907F00
000000002056F8E0
000000001FA905C0
000000001D770150
0000000019C7D1C0
0000000014C01770
000000000E988710
00000000079D71B0
00000000002DFED0
FFFFFFFFF8AF90C0
FFFFFFFFF1891EF0
FFFFFFFFEB1A2600
FFFFFFFFE5B7D430
FFFFFFFFE1A44D10
FFFFFFFFDF08FD90
FFFFFFFFDDFA4EE0
FFFFFFFFDE6F3060
FFFFFFFFE043FF10
FFFFFFFFE3413370
FFFFFFFFE71B92B0
FFFFFFFFEB7EBB60
FFFFFFFFF00E2D30
FFFFFFFFF46EC1B0
FFFFFFFFF84FA310
FFFFFFFFFB6D8EF0
FFFFFFFFFD96D4D0
FFFFFFFFFEB2C0D0
FFFFFFFFFEC0D8A0
FFFFFFFFFDD8A2A0
FFFFFFFFFC29D2E0
FFFFFFFFF9F44F10
FFFFFFFFF7848E00
FFFFFFFFF52F6760
FFFFFFFFF3496020
FFFFFFFFF21DBA60
FFFFFFFFF1ED2990
FFFFFFFFF2E3F070
FFFFFFFFF51A6BB0
FFFFFFFFF88EBC50
FFFFFFFFFD22AF10
0000000002A4E7A0
0000000008CD8800
000000000F447080
0000000015AA8DB0
000000001B9C7FA0
0000000020BBC820
0000000024B336C0
0000000027431B00
00000000284183E0
000000002799E310
0000000025566630
000000002197B8D0
000000001C9C1E30
0000000016AE5290
00000000102A4D00
000000000975D0B0
0000000002F1B5B0
FFFFFFFFFCF9A660
FFFFFFFFF7DD2720
FFFFFFFFF3DA05D0
FFFFFFFFF1142970
FFFFFFFFEF98B180
FFFFFFFFEF5A9890
FFFFFFFFF03484B0
FFFFFFFFF1ED71C0
FFFFFFFFF43D71F0
FFFFFFFFF6D11740
FFFFFFFFF9528710
FFFFFFFFFB6FA200
FFFFFFFFFCE29880
FFFFFFFFFD7542E0
FFFFFFFFFD05A760
FFFFFFFFFB899F70
FFFFFFFFF910A8A0
FFFFFFFFF5BFBEC0
FFFFFFFFF1D3CDB0
FFFFFFFFED9946E0
FFFFFFFFE9663B50
FFFFFFFFE5937E40
FFFFFFFFE27C5410
FFFFFFFFE06F8100
FFFFFFFFDFA90720
FFFFFFFFE056FA40
FFFFFFFFE288FEB0
FFFFFFFFE6382E40
FFFFFFFFEB3FE890
FFFFFFFFF16778F0
FFFFFFFFF8628E50
FFFFFFFFFFD20130
0000000007506F40
000000000E76E110
0000000014E5DA00
000000001A482BD0
000000001E5BB2F0
0000000020F70270
000000002205B120
000000002190CFA0
000000001FBC00F0
000000001CBECC90
0000000018E46D50
00000000148144A0
000000000FF1D2D0
000000000B913E50
0000000007B05CF0
0000000004927110
0000000002692B30
00000000014D3F30
00000000013F2760
0000000002275D60
0000000003D62D20
00000000060BB0F0
00000000087B7200
000000000AD098A0
000000000CB69FE0
000000000DE245A0
000000000E12D670
000000000D1C0F90
000000000AE59450
00000000077143B0
0000000002DD50F0
FFFFFFFFFD5B1860
FFFFFFFFF7327800
FFFFFFFFF0BB8F80
FFFFFFFFEA557250
FFFFFFFFE4638060
FFFFFFFFDF4437E0
FFFFFFFFDB4CC940
FFFFFFFFD8BCE500
FFFFFFFFD7BE7C20
FFFFFFFFD8661CF0
FFFFFFFFDAA999D0
FFFFFFFFDE684730
FFFFFFFFE363E1D0
FFFFFFFFE951AD70
FFFFFFFFEFD5B300
FFFFFFFFF68A2F50
FFFFFFFFFD0E4A50
00000000030659A0
000000000822D8E0
000000000C25FA30
000000000EEBD690
0000000010674E80
0000000010A56770
000000000FCB7B50
000000000E128E40
000000000BC28E10
00000000092EE8C0
0000000006AD78F0
0000000004905E00
00000000031D6780
00000000028ABD20
0000000002FA58A0
0000000004766090
0000000006EF5760
000000000A404140
000000000E2C3250
000000001266B920
000000001699C4B0
000000001A6C81C0
000000001D83ABF0
000000001F907F00
000000002056F8E0
000000001FA905C0
000000001D770150
0000000019C7D1C0
0000000014C01770
000000000E988710
00000000079D71B0
00000000002DFED0
FFFFFFFFF8AF90C0
FFFFFFFFF1891EF0
FFFFFFFFEB1A2600
FFFFFFFFE5B7D430
FFFFFFFFE1A44D10
FFFFFFFFDF08FD90
FFFFFFFFDDFA4EE0
FFFFFFFFDE6F3060
FFFFFFFFE043FF10
FFFFFFFFE3413370
FFFFFFFFE71B92B0
FFFFFFFFEB7EBB60
FFFFFFFFF00E2D30
FFFFFFFFF46EC1B0
FFFFFFFFF84FA310
FFFFFFFFFB6D8EF0
FFFFFFFFFD96D4D0
FFFFFFFFFEB2C0D0
FFFFFFFFFEC0D8A0
FFFFFFFFFDD8A2A0
FFFFFFFFFC29D2E0
FFFFFFFFF9F44F10
FFFFFFFFF7848E00
FFFFFFFFF52F6760
FFFFFFFFF3496020
FFFFFFFFF21DBA60
FFFFFFFFF1ED2990
FFFFFFFFF2E3F070
FFFFFFFFF51A6BB0
FFFFFFFFF88EBC50
FFFFFFFFFD22AF10
0000000002A4E7A0
0000000008CD8800
000000000F447080
0000000015AA8DB0
000000001B9C7FA0
0000000020BBC820
0000000024B336C0
0000000027431B00
00000000284183E0
000000002799E310
0000000025566630
000000002197B8D0
000000001C9C1E30
0000000016AE5290
00000000102A4D00
000000000975D0B0
0000000002F1B5B0
FFFFFFFFFCF9A660
FFFFFFFFF7DD2720
FFFFFFFFF3DA05D0
FFFFFFFFF1142970
FFFFFFFFEF98B180
FFFFFFFFEF5A9890
FFFFFFFFF03484B0
FFFFFFFFF1ED71C0
FFFFFFFFF43D71F0
FFFFFFFFF6D11740
FFFFFFFFF9528710
FFFFFFFFFB6FA200
FFFFFFFFFCE29880
FFFFFFFFFD7542E0
FFFFFFFFFD05A760
FFFFFFFFFB899F70
FFFFFFFFF910A8A0
FFFFFFFFF5BFBEC0
FFFFFFFFF1D3CDB0
FFFFFFFFED9946E0
FFFFFFFFE9663B50
FFFFFFFFE5937E40
FFFFFFFFE27C5410
FFFFFFFFE06F8100
FFFFFFFFDFA90720
FFFFFFFFE056FA40
FFFFFFFFE288FEB0
FFFFFFFFE6382E40
FFFFFFFFEB3FE890
FFFFFFFFF16778F0
FFFFFFFFF8628E50
FFFFFFFFFFD20130
0000000007506F40
000000000E76E110
0000000014E5DA00
000000001A482BD0
000000001E5BB2F0
0000000020F70270
000000002205B120
000000002190CFA0
000000001FBC00F0
000000001CBECC90
0000000018E46D50
00000000148144A0
000000000FF1D2D0
000000000B913E50
0000000007B05CF0
0000000004927110
0000000002692B30
00000000014D3F30
00000000013F2760
0000000002275D60
0000000003D62D20
00000000060BB0F0
00000000087B7200
000000000AD098A0
000000000CB69FE0
000000000DE245A0
000000000E12D670
000000000D1C0F90
000000000AE59450
00000000077143B0
0000000002DD50F0
FFFFFFFFFD5B1860
FFFFFFFFF7327800
FFFFFFFFF0BB8F80
FFFFFFFFEA557250
FFFFFFFFE4638060
FFFFFFFFDF4437E0
FFFFFFFFDB4CC940
FFFFFFFFD8BCE500
FFFFFFFFD7BE7C20
FFFFFFFFD8661CF0
FFFFFFFFDAA999D0
FFFFFFFFDE684730
FFFFFFFFE363E1D0
FFFFFFFFE951AD70
FFFFFFFFEFD5B300
FFFFFFFFF68A2F50
FFFFFFFFFD0E4A50
00000000030659A0
000000000822D8E0
000000000C25FA30
000000000EEBD690
0000000010674E80
0000000010A56770
000000000FCB7B50
000000000E128E40
000000000BC28E10
00000000092EE8C0
0000000006AD78F0
0000000004905E00
00000000031D6780
00000000028ABD20
0000000002FA58A0
0000000004766090
0000000006EF5760
000000000A404140
000000000E2C3250
000000001266B920
000000001699C4B0
000000001A6C81C0
000000001D83ABF0
000000001F907F00
000000002056F8E0
000000001FA905C0
000000001D770150
0000000019C7D1C0
0000000014C01770
000000000E988710
00000000079D71B0
00000000002DFED0
FFFFFFFFF8AF90C0
FFFFFFFFF1891EF0
FFFFFFFFEB1A2600
FFFFFFFFE5B7D430
FFFFFFFFE1A44D10
FFFFFFFFDF08FD90
FFFFFFFFDDFA4EE0
FFFFFFFFDE6F3060
FFFFFFFFE043FF10
FFFFFFFFE3413370
FFFFFFFFE71B92B0
FFFFFFFFEB7EBB60
FFFFFFFFF00E2D30
FFFFFFFFF46EC1B0
FFFFFFFFF84FA310
FFFFFFFFFB6D8EF0
FFFFFFFFFD96D4D0
FFFFFFFFFEB2C0D0
FFFFFFFFFEC0D8A0
FFFFFFFFFDD8A2A0
FFFFFFFFFC29D2E0
FFFFFFFFF9F44F10
FFFFFFFFF7848E00
FFFFFFFFF52F6760
FFFFFFFFF3496020
FFFFFFFFF21DBA60
FFFFFFFFF1ED2990
FFFFFFFFF2E3F070
FFFFFFFFF51A6BB0
FFFFFFFFF88EBC50
FFFFFFFFFD22AF10
0000000002A4E7A0
0000000008CD8800
000000000F447080
0000000015AA8DB0
000000001B9C7FA0
0000000020BBC820
0000000024B336C0
0000000027431B00
00000000284183E0
000000002799E310
0000000025566630
000000002197B8D0
000000001C9C1E30
0000000016AE5290
00000000102A4D00
000000000975D0B0
0000000002F1B5B0
FFFFFFFFFCF9A660
FFFFFFFFF7DD2720
FFFFFFFFF3DA05D0
FFFFFFFFF1142970
FFFFFFFFEF98B180
FFFFFFFFEF5A9890
FFFFFFFFF03484B0
FFFFFFFFF1ED71C0
FFFFFFFFF43D71F0
FFFFFFFFF6D11740
FFFFFFFFF9528710
FFFFFFFFFB6FA200
FFFFFFFFFCE29880
FFFFFFFFFD7542E0
FFFFFFFFFD05A760
FFFFFFFFFB899F70
FFFFFFFFF910A8A0
FFFFFFFFF5BFBEC0
FFFFFFFFF1D3CDB0
FFFFFFFFED9946E0
FFFFFFFFE9663B50
FFFFFFFFE5937E40
FFFFFFFFE27C5410
FFFFFFFFE06F8100
FFFFFFFFDFA90720
FFFFFFFFE056FA40
FFFFFFFFE288FEB0
FFFFFFFFE6382E40
FFFFFFFFEB3FE890
FFFFFFFFF16778F0
FFFFFFFFF8628E50
FFFFFFFFFFD20130
0000000007506F40
000000000E76E110
0000000014E5DA00
000000001A482BD0
000000001E5BB2F0
0000000020F70270
000000002205B120
000000002190CFA0
000000001FBC00F0
000000001CBECC90
0000000018E46D50
00000000148144A0
000000000FF1D2D0
000000000B913E50
0000000007B05CF0
0000000004927110
0000000002692B30
00000000014D3F30
00000000013F2760
0000000002275D60
0000000003D62D20
00000000060BB0F0
00000000087B7200
000000000AD098A0
000000000CB69FE0
000000000DE245A0
000000000E12D670
000000000D1C0F90
000000000AE59450
00000000077143B0
0000000002DD50F0
FFFFFFFFFD5B1860
FFFFFFFFF7327800
FFFFFFFFF0BB8F80
FFFFFFFFEA557250
FFFFFFFFE4638060
FFFFFFFFDF4437E0
FFFFFFFFDB4CC940
FFFFFFFFD8BCE500
FFFFFFFFD7BE7C20
FFFFFFFFD8661CF0
FFFFFFFFDAA999D0
FFFFFFFFDE684730
FFFFFFFFE363E1D0
FFFFFFFFE951AD70
FFFFFFFFEFD5B300
FFFFFFFFF68A2F50
FFFFFFFFFD0E4A50
00000000030659A0
000000000822D8E0
000000000C25FA30
000000000EEBD690
0000000010674E80
0000000010A56770
000000000FCB7B50
000000000E128E40
000000000BC28E10
00000000092EE8C0
0000000006AD78F0
0000000004905E00
00000000031D6780
00000000028ABD20
0000000002FA58A0
0000000004766090
0000000006EF5760
000000000A404140
000000000E2C3250
000000001266B920
000000001699C4B0
000000001A6C81C0
000000001D83ABF0
000000001F907F00
000000002056F8E0
000000001FA905C0
000000001D770150
0000000019C7D1C0
0000000014C01770
000000000E988710
00000000079D71B0
00000000002DFED0
FFFFFFFFF8AF90C0
FFFFFFFFF1891EF0
FFFFFFFFEB1A2600
FFFFFFFFE5B7D430
FFFFFFFFE1A44D10
FFFFFFFFDF08FD90
FFFFFFFFDDFA4EE0
FFFFFFFFDE6F3060
FFFFFFFFE043FF10
FFFFFFFFE3413370
FFFFFFFFE71B92B0
FFFFFFFFEB7EBB60
FFFFFFFFF00E2D30
FFFFFFFFF46EC1B0
FFFFFFFFF84FA310
FFFFFFFFFB6D8EF0
FFFFFFFFFD96D4D0
FFFFFFFFFEB2C0D0
FFFFFFFFFEC0D8A0
FFFFFFFFFDD8A2A0
FFFFFFFFFC29D2E0
FFFFFFFFF9F44F10
FFFFFFFFF7848E00
FFFFFFFFF52F6760
FFFFFFFFF3496020
FFFFFFFFF21DBA60
FFFFFFFFF1ED2990
FFFFFFFFF2E3F070
FFFFFFFFF51A6BB0
FFFFFFFFF88EBC50
FFFFFFFFFD22AF10
0000000002A4E7A0
0000000008CD8800
000000000F447080
0000000015AA8DB0
000000001B9C7FA0
0000000020BBC820
0000000024B336C0
0000000027431B00
00000000284183E0
000000002799E310
0000000025566630
000000002197B8D0
000000001C9C1E30
0000000016AE5290
00000000102A4D00
000000000975D0B0
0000000002F1B5B0
FFFFFFFFFCF9A660
FFFFFFFFF7DD2720
FFFFFFFFF3DA05D0
FFFFFFFFF1142970
FFFFFFFFEF98B180
FFFFFFFFEF5A9890
FFFFFFFFF03484B0
FFFFFFFFF1ED71C0
FFFFFFFFF43D71F0
FFFFFFFFF6D11740
FFFFFFFFF9528710
FFFFFFFFFB6FA200
FFFFFFFFFCE29880
FFFFFFFFFD7542E0
FFFFFFFFFD05A760
FFFFFFFFFB899F70
FFFFFFFFF910A8A0
FFFFFFFFF5BFBEC0
FFFFFFFFF1D3CDB0
FFFFFFFFED9946E0
FFFFFFFFE9663B50
FFFFFFFFE5937E40
FFFFFFFFE27C5410
FFFFFFFFE06F8100
FFFFFFFFDFA90720
FFFFFFFFE056FA40
FFFFFFFFE288FEB0
FFFFFFFFE6382E40
FFFFFFFFEB3FE890
FFFFFFFFF16778F0
FFFFFFFFF8628E50
FFFFFFFFFFD20130
0000000007506F40
000000000E76E110
0000000014E5DA00
000000001A482BD0
000000001E5BB2F0
0000000020F70270
000000002205B120
000000002190CFA0
000000001FBC00F0
000000001CBECC90
0000000018E46D50
00000000148144A0
000000000FF1D2D0
000000000B913E50
0000000007B05CF0
0000000004927110
0000000002692B30
00000000014D3F30
00000000013F2760
0000000002275D60
0000000003D62D20
00000000060BB0F0
00000000087B7200
000000000AD098A0
000000000CB69FE0
000000000DE245A0
000000000E12D670
000000000D1C0F90
000000000AE59450
00000000077143B0
0000000002DD50F0
FFFFFFFFFD5B1860
FFFFFFFFF7327800
FFFFFFFFF0BB8F80
FFFFFFFFEA557250
FFFFFFFFE4638060
FFFFFFFFDF4437E0
FFFFFFFFDB4CC940
FFFFFFFFD8BCE500
FFFFFFFFD7BE7C20
FFFFFFFFD8661CF0
FFFFFFFFDAA999D0
FFFFFFFFDE684730
FFFFFFFFE363E1D0
FFFFFFFFE951AD70
FFFFFFFFEFD5B300
FFFFFFFFF68A2F50
FFFFFFFFFD0E4A50
00000000030659A0
000000000822D8E0
000000000C25FA30
000000000EEBD690
0000000010674E80
0000000010A56770
000000000FCB7B50
000000000E128E40
000000000BC28E10
00000000092EE8C0
0000000006AD78F0
0000000004905E00
00000000031D6780
00000000028ABD20
0000000002FA58A0
0000000004766090
0000000006EF5760
000000000A404140
000000000E2C3250
000000001266B920
000000001699C4B0
000000001A6C81C0
000000001D83ABF0
000000001F907F00
000000002056F8E0
000000001FA905C0
000000001D770150
0000000019C7D1C0
0000000014C01770
000000000E988710
00000000079D71B0
00000000002DFED0
FFFFFFFFF8AF90C0
FFFFFFFFF1891EF0
FFFFFFFFEB1A2600
FFFFFFFFE5B7D430
FFFFFFFFE1A44D10
FFFFFFFFDF08FD90
FFFFFFFFDDFA4EE0
FFFFFFFFDE6F3060
FFFFFFFFE043FF10
FFFFFFFFE3413370
FFFFFFFFE71B92B0
FFFFFFFFEB7EBB60
FFFFFFFFF00E2D30
FFFFFFFFF46EC1B0
FFFFFFFFF84FA310
FFFFFFFFFB6D8EF0
FFFFFFFFFD96D4D0
FFFFFFFFFEB2C0D0
FFFFFFFFFEC0D8A0
FFFFFFFFFDD8A2A0
FFFFFFFFFC29D2E0
FFFFFFFFF9F44F10
FFFFFFFFF7848E00
FFFFFFFFF52F6760
FFFFFFFFF3496020
FFFFFFFFF21DBA60
FFFFFFFFF1ED2990
FFFFFFFFF2E3F070
FFFFFFFFF51A6BB0
FFFFFFFFF88EBC50
FFFFFFFFFD22AF10
0000000002A4E7A0
0000000008CD8800
000000000F447080
0000000015AA8DB0
000000001B9C7FA0
0000000020BBC820
0000000024B336C0
0000000027431B00
00000000284183E0
000000002799E310
0000000025566630
000000002197B8D0
000000001C9C1E30
0000000016AE5290
00000000102A4D00
000000000975D0B0
0000000002F1B5B0
FFFFFFFFFCF9A660
FFFFFFFFF7DD2720
FFFFFFFFF3DA05D0
FFFFFFFFF1142970
FFFFFFFFEF98B180
FFFFFFFFEF5A9890
FFFFFFFFF03484B0
FFFFFFFFF1ED71C0
FFFFFFFFF43D71F0
FFFFFFFFF6D11740
FFFFFFFFF9528710
FFFFFFFFFB6FA200
FFFFFFFFFCE29880
FFFFFFFFFD7542E0
FFFFFFFFFD05A760
FFFFFFFFFB899F70
FFFFFFFFF910A8A0
FFFFFFFFF5BFBEC0
FFFFFFFFF1D3CDB0
FFFFFFFFED9946E0
FFFFFFFFE9663B50
FFFFFFFFE5937E40
FFFFFFFFE27C5410
FFFFFFFFE06F8100
FFFFFFFFDFA90720
FFFFFFFFE056FA40
FFFFFFFFE288FEB0
FFFFFFFFE6382E40
FFFFFFFFEB3FE890
FFFFFFFFF16778F0
FFFFFFFFF8628E50
FFFFFFFFFFD20130
0000000007506F40
000000000E76E110
0000000014E5DA00
000000001A482BD0
000000001E5BB2F0
0000000020F70270
000000002205B120
000000002190CFA0
000000001FBC00F0
000000001CBECC90
0000000018E46D50
00000000148144A0
000000000FF1D2D0
000000000B913E50
0000000007B05CF0
0000000004927110
0000000002692B30
00000000014D3F30
00000000013F2760
0000000002275D60
0000000003D62D20
00000000060BB0F0
00000000087B7200
000000000AD098A0
000000000CB69FE0
000000000DE245A0
000000000E12D670
000000000D1C0F90
000000000AE59450
00000000077143B0
0000000002DD50F0
FFFFFFFFFD5B1860
FFFFFFFFF7327800
FFFFFFFFF0BB8F80
FFFFFFFFEA557250
FFFFFFFFE4638060
FFFFFFFFDF4437E0
FFFFFFFFDB4CC940
FFFFFFFFD8BCE500
FFFFFFFFD7BE7C20
FFFFFFFFD8661CF0
FFFFFFFFDAA999D0
FFFFFFFFDE684730
FFFFFFFFE363E1D0
FFFFFFFFE951AD70
FFFFFFFFEFD5B300
FFFFFFFFF68A2F50
FFFFFFFFFD0E4A50
00000000030659A0
000000000822D8E0
000000000C25FA30
000000000EEBD690
0000000010674E80
0000000010A56770
000000000FCB7B50
000000000E128E40
000000000BC28E10
00000000092EE8C0
0000000006AD78F0
0000000004905E00
00000000031D6780
00000000028ABD20
0000000002FA58A0
0000000004766090
0000000006EF5760
000000000A404140
000000000E2C3250
000000001266B920
000000001699C4B0
000000001A6C81C0
000000001D83ABF0
000000001F907F00
000000002056F8E0
000000001FA905C0
000000001D770150
0000000019C7D1C0
0000000014C01770
000000000E988710
00000000079D71B0
00000000002DFED0
FFFFFFFFF8AF90C0
FFFFFFFFF1891EF0
FFFFFFFFEB1A2600
FFFFFFFFE5B7D430
FFFFFFFFE1A44D10
FFFFFFFFDF08FD90
FFFFFFFFDDFA4EE0
FFFFFFFFDE6F3060
FFFFFFFFE043FF10
FFFFFFFFE3413370
FFFFFFFFE71B92B0
FFFFFFFFEB7EBB60
FFFFFFFFF00E2D30
FFFFFFFFF46EC1B0
FFFFFFFFF84FA310
FFFFFFFFFB6D8EF0
FFFFFFFFFD96D4D0
FFFFFFFFFEB2C0D0
FFFFFFFFFEC0D8A0
FFFFFFFFFDD8A2A0
FFFFFFFFFC29D2E0
FFFFFFFFF9F44F10
FFFFFFFFF7848E00
FFFFFFFFF52F6760
FFFFFFFFF3496020
FFFFFFFFF21DBA60
FFFFFFFFF1ED2990
FFFFFFFFF2E3F070
FFFFFFFFF51A6BB0
FFFFFFFFF88EBC50
FFFFFFFFFD22AF10
0000000002A4E7A0
0000000008CD8800
000000000F447080
0000000015AA8DB0
000000001B9C7FA0
0000000020BBC820
0000000024B336C0
0000000027431B00
00000000284183E0
000000002799E310
0000000025566630
000000002197B8D0
000000001C9C1E30
0000000016AE5290
00000000102A4D00
000000000975D0B0
0000000002F1B5B0
FFFFFFFFFCF9A660
FFFFFFFFF7DD2720
FFFFFFFFF3DA05D0
FFFFFFFFF1142970
FFFFFFFFEF98B180
FFFFFFFFEF5A9890
FFFFFFFFF03484B0
FFFFFFFFF1ED71C0
FFFFFFFFF43D71F0
FFFFFFFFF6D11740
FFFFFFFFF9528710
FFFFFFFFFB6FA200
FFFFFFFFFCE29880
FFFFFFFFFD7542E0
FFFFFFFFFD05A760
FFFFFFFFFB899F70
FFFFFFFFF910A8A0
FFFFFFFFF5BFBEC0
FFFFFFFFF1D3CDB0
FFFFFFFFED9946E0
FFFFFFFFE9663B50
FFFFFFFFE5937E40
FFFFFFFFE27C5410
FFFFFFFFE06F8100
FFFFFFFFDFA90720
FFFFFFFFE056FA40
FFFFFFFFE288FEB0
FFFFFFFFE6382E40
FFFFFFFFEB3FE890
FFFFFFFFF16778F0
FFFFFFFFF8628E50
FFFFFFFFFFD20130
0000000007506F40
000000000E76E110
0000000014E5DA00
000000001A482BD0
000000001E5BB2F0
0000000020F70270
000000002205B120
000000002190CFA0
000000001FBC00F0
000000001CBECC90
0000000018E46D50
00000000148144A0
000000000FF1D2D0
000000000B913E50
0000000007B05CF0
0000000004927110
0000000002692B30
00000000014D3F30
00000000013F2760
0000000002275D60
0000000003D62D20
00000000060BB0F0
00000000087B7200
000000000AD098A0
000000000CB69FE0
000000000DE245A0
000000000E12D670
000000000D1C0F90
000000000AE59450
00000000077143B0
0000000002DD50F0
FFFFFFFFFD5B1860
FFFFFFFFF7327800
FFFFFFFFF0BB8F80
FFFFFFFFEA557250
FFFFFFFFE4638060
FFFFFFFFDF4437E0
FFFFFFFFDB4CC940
FFFFFFFFD8BCE500
FFFFFFFFD7BE7C20
FFFFFFFFD8661CF0
FFFFFFFFDAA999D0
FFFFFFFFDE684730
FFFFFFFFE363E1D0
FFFFFFFFE951AD70
FFFFFFFFEFD5B300
FFFFFFFFF68A2F50
FFFFFFFFFD0E4A50
00000000030659A0
000000000822D8E0
000000000C25FA30
000000000EEBD690
0000000010674E80
0000000010A56770
000000000FCB7B50
000000000E128E40
000000000BC28E10
00000000092EE8C0
0000000006AD78F0
0000000004905E00
00000000031D6780
00000000028ABD20
0000000002FA58A0
0000000004766090
0000000006EF5760
000000000A404140
000000000E2C3250
000000001266B920
000000001699C4B0
000000001A6C81C0
000000001D83ABF0
000000001F907F00
000000002056F8E0
000000001FA905C0
000000001D770150
0000000019C7D1C0
0000000014C01770
000000000E988710
00000000079D71B0
00000000002DFED0
FFFFFFFFF8AF90C0
FFFFFFFFF1891EF0
FFFFFFFFEB1A2600
FFFFFFFFE5B7D430
FFFFFFFFE1A44D10
FFFFFFFFDF08FD90
FFFFFFFFDDFA4EE0
FFFFFFFFDE6F3060
FFFFFFFFE043FF10
FFFFFFFFE3413370
FFFFFFFFE71B92B0
FFFFFFFFEB7EBB60
FFFFFFFFF00E2D30
FFFFFFFFF46EC1B0
FFFFFFFFF84FA310
FFFFFFFFFB6D8EF0
FFFFFFFFFD96D4D0
FFFFFFFFFEB2C0D0
FFFFFFFFFEC0D8A0
FFFFFFFFFDD8A2A0
FFFFFFFFFC29D2E0
FFFFFFFFF9F44F10
FFFFFFFFF7848E00
FFFFFFFFF52F6760
FFFFFFFFF3496020
FFFFFFFFF21DBA60
FFFFFFFFF1ED2990
FFFFFFFFF2E3F070
FFFFFFFFF51A6BB0
FFFFFFFFF88EBC50
FFFFFFFFFD22AF10
0000000002A4E7A0
0000000008CD8800
000000000F447080
0000000015AA8DB0
000000001B9C7FA0
0000000020BBC820
0000000024B336C0
0000000027431B00
00000000284183E0
000000002799E310
0000000025566630
000000002197B8D0
000000001C9C1E30
0000000016AE5290
00000000102A4D00
000000000975D0B0
0000000002F1B5B0
FFFFFFFFFCF9A660
FFFFFFFFF7DD2720
FFFFFFFFF3DA05D0
FFFFFFFFF1142970
FFFFFFFFEF98B180
FFFFFFFFEF5A9890
FFFFFFFFF03484B0
FFFFFFFFF1ED71C0
FFFFFFFFF43D71F0
FFFFFFFFF6D11740
FFFFFFFFF9528710
FFFFFFFFFB6FA200
FFFFFFFFFCE29880
FFFFFFFFFD7542E0
FFFFFFFFFD05A760
FFFFFFFFFB899F70
FFFFFFFFF910A8A0
FFFFFFFFF5BFBEC0
FFFFFFFFF1D3CDB0
FFFFFFFFED9946E0
FFFFFFFFE9663B50
FFFFFFFFE5937E40
FFFFFFFFE27C5410
FFFFFFFFE06F8100
FFFFFFFFDFA90720
FFFFFFFFE056FA40
FFFFFFFFE288FEB0
FFFFFFFFE6382E40
FFFFFFFFEB3FE890
FFFFFFFFF16778F0
FFFFFFFFF8628E50
FFFFFFFFFFD20130
0000000007506F40
000000000E76E110
0000000014E5DA00
000000001A482BD0
000000001E5BB2F0
0000000020F70270
000000002205B120
000000002190CFA0
000000001FBC00F0
000000001CBECC90
0000000018E46D50
00000000148144A0
000000000FF1D2D0
000000000B913E50
0000000007B05CF0
0000000004927110
0000000002692B30
00000000014D3F30
00000000013F2760
0000000002275D60
0000000003D62D20
00000000060BB0F0
00000000087B7200
000000000AD098A0
000000000CB69FE0
000000000DE245A0
000000000E12D670
000000000D1C0F90
000000000AE59450
00000000077143B0
0000000002DD50F0
FFFFFFFFFD5B1860
FFFFFFFFF7327800
FFFFFFFFF0BB8F80
FFFFFFFFEA557250
FFFFFFFFE4638060
FFFFFFFFDF4437E0
FFFFFFFFDB4CC940
FFFFFFFFD8BCE500
FFFFFFFFD7BE7C20
FFFFFFFFD8661CF0
FFFFFFFFDAA999D0
FFFFFFFFDE684730
FFFFFFFFE363E1D0
FFFFFFFFE951AD70
FFFFFFFFEFD5B300
FFFFFFFFF68A2F50
FFFFFFFFFD0E4A50
00000000030659A0
000000000822D8E0
000000000C25FA30
000000000EEBD690
0000000010674E80
0000000010A56770
000000000FCB7B50
000000000E128E40
000000000BC28E10
00000000092EE8C0
0000000006AD78F0
0000000004905E00
00000000031D6780
00000000028ABD20
0000000002FA58A0
0000000004766090
0000000006EF5760
000000000A404140
000000000E2C3250
000000001266B920
000000001699C4B0
000000001A6C81C0
000000001D83ABF0
000000001F907F00
000000002056F8E0
000000001FA905C0
000000001D770150
0000000019C7D1C0
0000000014C01770
000000000E988710
00000000079D71B0
00000000002DFED0
FFFFFFFFF8AF90C0
FFFFFFFFF1891EF0
FFFFFFFFEB1A2600
FFFFFFFFE5B7D430
FFFFFFFFE1A44D10
FFFFFFFFDF08FD90
FFFFFFFFDDFA4EE0
FFFFFFFFDE6F3060
FFFFFFFFE043FF10
FFFFFFFFE3413370
FFFFFFFFE71B92B0
FFFFFFFFEB7EBB60
FFFFFFFFF00E2D30
FFFFFFFFF46EC1B0
FFFFFFFFF84FA310
FFFFFFFFFB6D8EF0
FFFFFFFFFD96D4D0
FFFFFFFFFEB2C0D0
FFFFFFFFFEC0D8A0
FFFFFFFFFDD8A2A0
FFFFFFFFFC29D2E0
FFFFFFFFF9F44F10
FFFFFFFFF7848E00
FFFFFFFFF52F6760
FFFFFFFFF3496020
FFFFFFFFF21DBA60
FFFFFFFFF1ED2990
FFFFFFFFF2E3F070
FFFFFFFFF51A6BB0
FFFFFFFFF88EBC50
FFFFFFFFFD22AF10
0000000002A4E7A0
0000000008CD8800
000000000F447080
0000000015AA8DB0
000000001B9C7FA0
0000000020BBC820
0000000024B336C0
0000000027431B00
00000000284183E0
000000002799E310
0000000025566630
000000002197B8D0
000000001C9C1E30
0000000016AE5290
00000000102A4D00
000000000975D0B0
0000000002F1B5B0
FFFFFFFFFCF9A660
FFFFFFFFF7DD2720
FFFFFFFFF3DA05D0
FFFFFFFFF1142970
FFFFFFFFEF98B180
FFFFFFFFEF5A9890
FFFFFFFFF03484B0
FFFFFFFFF1ED71C0
FFFFFFFFF43D71F0
FFFFFFFFF6D11740
FFFFFFFFF9528710
FFFFFFFFFB6FA200
FFFFFFFFFCE29880
FFFFFFFFFD7542E0
FFFFFFFFFD05A760
FFFFFFFFFB899F70
FFFFFFFFF910A8A0
FFFFFFFFF5BFBEC0
FFFFFFFFF1D3CDB0
FFFFFFFFED9946E0
FFFFFFFFE9663B50
FFFFFFFFE5937E40
FFFFFFFFE27C5410
FFFFFFFFE06F8100
FFFFFFFFDFA90720
FFFFFFFFE056FA40
FFFFFFFFE288FEB0
FFFFFFFFE6382E40
FFFFFFFFEB3FE890
FFFFFFFFF16778F0
FFFFFFFFF8628E50
FFFFFFFFFFD20130
0000000007506F40
000000000E76E110
0000000014E5DA00
000000001A482BD0
000000001E5BB2F0
0000000020F70270
000000002205B120
000000002190CFA0
000000001FBC00F0
000000001CBECC90
0000000018E46D50
00000000148144A0
000000000FF1D2D0
000000000B913E50
0000000007B05CF0
0000000004927110
0000000002692B30
00000000014D3F30
00000000013F2760
0000000002275D60
0000000003D62D20
00000000060BB0F0
00000000087B7200
000000000AD098A0
000000000CB69FE0
000000000DE245A0
000000000E12D670
000000000D1C0F90
000000000AE59450
00000000077143B0
0000000002DD50F0
FFFFFFFFFD5B1860
FFFFFFFFF7327800
FFFFFFFFF0BB8F80
FFFFFFFFEA557250
FFFFFFFFE4638060
FFFFFFFFDF4437E0
FFFFFFFFDB4CC940
FFFFFFFFD8BCE500
FFFFFFFFD7BE7C20
FFFFFFFFD8661CF0
FFFFFFFFDAA999D0
FFFFFFFFDE684730
FFFFFFFFE363E1D0
FFFFFFFFE951AD70
FFFFFFFFEFD5B300
FFFFFFFFF68A2F50
FFFFFFFFFD0E4A50
00000000030659A0
000000000822D8E0
000000000C25FA30
000000000EEBD690
0000000010674E80
0000000010A56770
000000000FCB7B50
000000000E128E40
000000000BC28E10
00000000092EE8C0
0000000006AD78F0
0000000004905E00
00000000031D6780
00000000028ABD20
0000000002FA58A0
0000000004766090
0000000006EF5760
000000000A404140
000000000E2C3250
000000001266B920
000000001699C4B0
000000001A6C81C0
000000001D83ABF0
000000001F907F00
000000002056F8E0
000000001FA905C0
000000001D770150
0000000019C7D1C0
0000000014C01770
000000000E988710
00000000079D71B0
00000000002DFED0
FFFFFFFFF8AF90C0
FFFFFFFFF1891EF0
FFFFFFFFEB1A2600
FFFFFFFFE5B7D430
FFFFFFFFE1A44D10
FFFFFFFFDF08FD90
FFFFFFFFDDFA4EE0
FFFFFFFFDE6F3060
FFFFFFFFE043FF10
FFFFFFFFE3413370
FFFFFFFFE71B92B0
FFFFFFFFEB7EBB60
FFFFFFFFF00E2D30
FFFFFFFFF46EC1B0
FFFFFFFFF84FA310
FFFFFFFFFB6D8EF0
FFFFFFFFFD96D4D0
FFFFFFFFFEB2C0D0
FFFFFFFFFEC0D8A0
FFFFFFFFFDD8A2A0
FFFFFFFFFC29D2E0
FFFFFFFFF9F44F10
FFFFFFFFF7848E00
FFFFFFFFF52F6760
FFFFFFFFF3496020
FFFFFFFFF21DBA60
FFFFFFFFF1ED2990
FFFFFFFFF2E3F070
FFFFFFFFF51A6BB0
FFFFFFFFF88EBC50
FFFFFFFFFD22AF10
0000000002A4E7A0
0000000008CD8800
000000000F447080
0000000015AA8DB0
000000001B9C7FA0
0000000020BBC820
0000000024B336C0
0000000027431B00
00000000284183E0
000000002799E310
0000000025566630
000000002197B8D0
000000001C9C1E30
0000000016AE5290
00000000102A4D00
000000000975D0B0
0000000002F1B5B0
FFFFFFFFFCF9A660
FFFFFFFFF7DD2720
FFFFFFFFF3DA05D0
FFFFFFFFF1142970
FFFFFFFFEF98B180
FFFFFFFFEF5A9890
FFFFFFFFF03484B0
FFFFFFFFF1ED71C0
FFFFFFFFF43D71F0
FFFFFFFFF6D11740
FFFFFFFFF9528710
FFFFFFFFFB6FA200
FFFFFFFFFCE29880
FFFFFFFFFD7542E0
FFFFFFFFFD05A760
FFFFFFFFFB899F70
FFFFFFFFF910A8A0
FFFFFFFFF5BFBEC0
FFFFFFFFF1D3CDB0
FFFFFFFFED9946E0
FFFFFFFFE9663B50
FFFFFFFFE5937E40
FFFFFFFFE27C5410
FFFFFFFFE06F8100
FFFFFFFFDFA90720
FFFFFFFFE056FA40
FFFFFFFFE288FEB0
FFFFFFFFE6382E40
FFFFFFFFEB3FE890
FFFFFFFFF16778F0
FFFFFFFFF8628E50
FFFFFFFFFFD20130
0000000007506F40
000000000E76E110
0000000014E5DA00
000000001A482BD0
000000001E5BB2F0
0000000020F70270
000000002205B120
000000002190CFA0
000000001FBC00F0
000000001CBECC90
0000000018E46D50
00000000148144A0
000000000FF1D2D0
000000000B913E50
0000000007B05CF0
0000000004927110
0000000002692B30
00000000014D3F30
00000000013F2760
0000000002275D60
0000000003D62D20
00000000060BB0F0
00000000087B7200
000000000AD098A0
000000000CB69FE0
000000000DE245A0
000000000E12D670
000000000D1C0F90
000000000AE59450
00000000077143B0
0000000002DD50F0
FFFFFFFFFD5B1860
FFFFFFFFF7327800
FFFFFFFFF0BB8F80
FFFFFFFFEA557250
FFFFFFFFE4638060
FFFFFFFFDF4437E0
FFFFFFFFDB4CC940
FFFFFFFFD8BCE500
FFFFFFFFD7BE7C20
FFFFFFFFD8661CF0
FFFFFFFFDAA999D0
FFFFFFFFDE684730
FFFFFFFFE363E1D0
FFFFFFFFE951AD70
FFFFFFFFEFD5B300
FFFFFFFFF68A2F50
FFFFFFFFFD0E4A50
00000000030659A0
000000000822D8E0
000000000C25FA30
000000000EEBD690
0000000010674E80
0000000010A56770
000000000FCB7B50
000000000E128E40
000000000BC28E10
00000000092EE8C0
0000000006AD78F0
0000000004905E00
00000000031D6780
00000000028ABD20
0000000002FA58A0
0000000004766090
0000000006EF5760
000000000A404140
000000000E2C3250
000000001266B920
000000001699C4B0
000000001A6C81C0
000000001D83ABF0
000000001F907F00
000000002056F8E0
000000001FA905C0
000000001D770150
0000000019C7D1C0
0000000014C01770
000000000E988710
00000000079D71B0
00000000002DFED0
FFFFFFFFF8AF90C0
FFFFFFFFF1891EF0
FFFFFFFFEB1A2600
FFFFFFFFE5B7D430
FFFFFFFFE1A44D10
FFFFFFFFDF08FD90
FFFFFFFFDDFA4EE0
FFFFFFFFDE6F3060
FFFFFFFFE043FF10
FFFFFFFFE3413370
FFFFFFFFE71B92B0
FFFFFFFFEB7EBB60
FFFFFFFFF00E2D30
FFFFFFFFF46EC1B0
FFFFFFFFF84FA310
FFFFFFFFFB6D8EF0
FFFFFFFFFD96D4D0
FFFFFFFFFEB2C0D0
FFFFFFFFFEC0D8A0
FFFFFFFFFDD8A2A0
FFFFFFFFFC29D2E0
FFFFFFFFF9F44F10
FFFFFFFFF7848E00
FFFFFFFFF52F6760
FFFFFFFFF3496020
FFFFFFFFF21DBA60
FFFFFFFFF1ED2990
FFFFFFFFF2E3F070
FFFFFFFFF51A6BB0
FFFFFFFFF88EBC50
FFFFFFFFFD22AF10
0000000002A4E7A0
0000000008CD8800
000000000F447080
0000000015AA8DB0
000000001B9C7FA0
0000000020BBC820
0000000024B336C0
0000000027431B00
00000000284183E0
000000002799E310
0000000025566630
000000002197B8D0
000000001C9C1E30
0000000016AE5290
00000000102A4D00
000000000975D0B0
0000000002F1B5B0
FFFFFFFFFCF9A660
FFFFFFFFF7DD2720
FFFFFFFFF3DA05D0
FFFFFFFFF1142970
FFFFFFFFEF98B180
FFFFFFFFEF5A9890
FFFFFFFFF03484B0
FFFFFFFFF1ED71C0
FFFFFFFFF43D71F0
FFFFFFFFF6D11740
FFFFFFFFF9528710
FFFFFFFFFB6FA200
FFFFFFFFFCE29880
FFFFFFFFFD7542E0
FFFFFFFFFD05A760
FFFFFFFFFB899F70
FFFFFFFFF910A8A0
FFFFFFFFF5BFBEC0
FFFFFFFFF1D3CDB0
FFFFFFFFED9946E0
FFFFFFFFE9663B50
FFFFFFFFE5937E40
FFFFFFFFE27C5410
FFFFFFFFE06F8100
FFFFFFFFDFA90720
FFFFFFFFE056FA40
FFFFFFFFE288FEB0
FFFFFFFFE6382E40
FFFFFFFFEB3FE890
FFFFFFFFF16778F0
FFFFFFFFF8628E50
FFFFFFFFFFD20130
0000000007506F40
000000000E76E110
0000000014E5DA00
000000001A482BD0
000000001E5BB2F0
0000000020F70270
000000002205B120
000000002190CFA0
000000001FBC00F0
000000001CBECC90
0000000018E46D50
00000000148144A0
000000000FF1D2D0
000000000B913E50
0000000007B05CF0
0000000004927110
0000000002692B30
00000000014D3F30
00000000013F2760
0000000002275D60
0000000003D62D20
00000000060BB0F0
00000000087B7200
000000000AD098A0
000000000CB69FE0
000000000DE245A0
000000000E12D670
000000000D1C0F90
000000000AE59450
00000000077143B0
0000000002DD50F0
FFFFFFFFFD5B1860
FFFFFFFFF7327800
FFFFFFFFF0BB8F80
FFFFFFFFEA557250
FFFFFFFFE4638060
FFFFFFFFDF4437E0
FFFFFFFFDB4CC940
FFFFFFFFD8BCE500
FFFFFFFFD7BE7C20
FFFFFFFFD8661CF0
FFFFFFFFDAA999D0
FFFFFFFFDE684730
FFFFFFFFE363E1D0
FFFFFFFFE951AD70
FFFFFFFFEFD5B300
FFFFFFFFF68A2F50
FFFFFFFFFD0E4A50
00000000030659A0
000000000822D8E0
000000000C25FA30
000000000EEBD690
0000000010674E80
0000000010A56770
000000000FCB7B50
000000000E128E40
000000000BC28E10
00000000092EE8C0
0000000006AD78F0
0000000004905E00
00000000031D6780
00000000028ABD20
0000000002FA58A0
0000000004766090
0000000006EF5760
000000000A404140
000000000E2C3250
000000001266B920
000000001699C4B0
000000001A6C81C0
000000001D83ABF0
000000001F907F00
000000002056F8E0
000000001FA905C0
000000001D770150
0000000019C7D1C0
0000000014C01770
000000000E988710
00000000079D71B0
00000000002DFED0
FFFFFFFFF8AF90C0
FFFFFFFFF1891EF0
FFFFFFFFEB1A2600
FFFFFFFFE5B7D430
FFFFFFFFE1A44D10
FFFFFFFFDF08FD90
FFFFFFFFDDFA4EE0
FFFFFFFFDE6F3060
FFFFFFFFE043FF10
FFFFFFFFE3413370
FFFFFFFFE71B92B0
FFFFFFFFEB7EBB60
FFFFFFFFF00E2D30
FFFFFFFFF46EC1B0
FFFFFFFFF84FA310
FFFFFFFFFB6D8EF0
FFFFFFFFFD96D4D0
FFFFFFFFFEB2C0D0
FFFFFFFFFEC0D8A0
FFFFFFFFFDD8A2A0
FFFFFFFFFC29D2E0
FFFFFFFFF9F44F10
FFFFFFFFF7848E00
FFFFFFFFF52F6760
FFFFFFFFF3496020
FFFFFFFFF21DBA60
FFFFFFFFF1ED2990
FFFFFFFFF2E3F070
FFFFFFFFF51A6BB0
FFFFFFFFF88EBC50
FFFFFFFFFD22AF10
0000000002A4E7A0
0000000008CD8800
000000000F447080
0000000015AA8DB0
000000001B9C7FA0
0000000020BBC820
0000000024B336C0
0000000027431B00
00000000284183E0
000000002799E310
0000000025566630
000000002197B8D0
000000001C9C1E30
0000000016AE5290
00000000102A4D00
000000000975D0B0
0000000002F1B5B0
FFFFFFFFFCF9A660
FFFFFFFFF7DD2720
FFFFFFFFF3DA05D0
FFFFFFFFF1142970
FFFFFFFFEF98B180
FFFFFFFFEF5A9890
FFFFFFFFF03484B0
FFFFFFFFF1ED71C0
FFFFFFFFF43D71F0
FFFFFFFFF6D11740
FFFFFFFFF9528710
FFFFFFFFFB6FA200
FFFFFFFFFCE29880
FFFFFFFFFD7542E0
FFFFFFFFFD05A760
FFFFFFFFFB899F70
FFFFFFFFF910A8A0
FFFFFFFFF5BFBEC0
FFFFFFFFF1D3CDB0
FFFFFFFFED9946E0
FFFFFFFFE9663B50
FFFFFFFFE5937E40
FFFFFFFFE27C5410
FFFFFFFFE06F8100
FFFFFFFFDFA90720
FFFFFFFFE056FA40
FFFFFFFFE288FEB0
FFFFFFFFE6382E40
FFFFFFFFEB3FE890
FFFFFFFFF16778F0
FFFFFFFFF8628E50
FFFFFFFFFFD20130
0000000007506F40
000000000E76E110
0000000014E5DA00
000000001A482BD0
000000001E5BB2F0
0000000020F70270
000000002205B120
000000002190CFA0
000000001FBC00F0
000000001CBECC90
0000000018E46D50
00000000148144A0
000000000FF1D2D0
000000000B913E50
0000000007B05CF0
0000000004927110
0000000002692B30
00000000014D3F30
00000000013F2760
0000000002275D60
0000000003D62D20
00000000060BB0F0
00000000087B7200
000000000AD098A0
000000000CB69FE0
000000000DE245A0
000000000E12D670
000000000D1C0F90
000000000AE59450
00000000077143B0
0000000002DD50F0
FFFFFFFFFD5B1860
FFFFFFFFF7327800
FFFFFFFFF0BB8F80
FFFFFFFFEA557250
FFFFFFFFE4638060
FFFFFFFFDF4437E0
FFFFFFFFDB4CC940
FFFFFFFFD8BCE500
FFFFFFFFD7BE7C20
FFFFFFFFD8661CF0
FFFFFFFFDAA999D0
FFFFFFFFDE684730
FFFFFFFFE363E1D0
FFFFFFFFE951AD70
FFFFFFFFEFD5B300
FFFFFFFFF68A2F50
FFFFFFFFFD0E4A50
00000000030659A0
000000000822D8E0
000000000C25FA30
000000000EEBD690
0000000010674E80
0000000010A56770
000000000FCB7B50
000000000E128E40
000000000BC28E10
00000000092EE8C0
0000000006AD78F0
0000000004905E00
00000000031D6780
00000000028ABD20
0000000002FA58A0
0000000004766090
0000000006EF5760
000000000A404140
000000000E2C3250
000000001266B920
000000001699C4B0
000000001A6C81C0
000000001D83ABF0
000000001F907F00
000000002056F8E0
000000001FA905C0
000000001D770150
0000000019C7D1C0
0000000014C01770
000000000E988710
00000000079D71B0
00000000002DFED0
FFFFFFFFF8AF90C0
FFFFFFFFF1891EF0
FFFFFFFFEB1A2600
FFFFFFFFE5B7D430
FFFFFFFFE1A44D10
FFFFFFFFDF08FD90
FFFFFFFFDDFA4EE0
FFFFFFFFDE6F3060
FFFFFFFFE043FF10
FFFFFFFFE3413370
FFFFFFFFE71B92B0
FFFFFFFFEB7EBB60
FFFFFFFFF00E2D30
FFFFFFFFF46EC1B0
FFFFFFFFF84FA310
FFFFFFFFFB6D8EF0
FFFFFFFFFD96D4D0
FFFFFFFFFEB2C0D0
FFFFFFFFFEC0D8A0
FFFFFFFFFDD8A2A0
FFFFFFFFFC29D2E0
FFFFFFFFF9F44F10
FFFFFFFFF7848E00
FFFFFFFFF52F6760
FFFFFFFFF3496020
FFFFFFFFF21DBA60
FFFFFFFFF1ED2990
FFFFFFFFF2E3F070
FFFFFFFFF51A6BB0
FFFFFFFFF88EBC50
FFFFFFFFFD22AF10
0000000002A4E7A0
0000000008CD8800
000000000F447080
0000000015AA8DB0
000000001B9C7FA0
0000000020BBC820
0000000024B336C0
0000000027431B00
00000000284183E0
000000002799E310
0000000025566630
000000002197B8D0
000000001C9C1E30
0000000016AE5290
00000000102A4D00
000000000975D0B0
0000000002F1B5B0
FFFFFFFFFCF9A660
FFFFFFFFF7DD2720
FFFFFFFFF3DA05D0
FFFFFFFFF1142970
FFFFFFFFEF98B180
FFFFFFFFEF5A9890
FFFFFFFFF03484B0
FFFFFFFFF1ED71C0
FFFFFFFFF43D71F0
FFFFFFFFF6D11740
FFFFFFFFF9528710
FFFFFFFFFB6FA200
FFFFFFFFFCE29880
FFFFFFFFFD7542E0
FFFFFFFFFD05A760
FFFFFFFFFB899F70
FFFFFFFFF910A8A0
FFFFFFFFF5BFBEC0
FFFFFFFFF1D3CDB0
FFFFFFFFED9946E0
FFFFFFFFE9663B50
FFFFFFFFE5937E40
FFFFFFFFE27C5410
FFFFFFFFE06F8100
FFFFFFFFDFA90720
FFFFFFFFE056FA40
FFFFFFFFE288FEB0
FFFFFFFFE6382E40
FFFFFFFFEB3FE890
FFFFFFFFF16778F0
FFFFFFFFF8628E50
FFFFFFFFFFD20130
0000000007506F40
000000000E76E110
0000000014E5DA00
000000001A482BD0
000000001E5BB2F0
0000000020F70270
000000002205B120
000000002190CFA0
000000001FBC00F0
000000001CBECC90
0000000018E46D50
00000000148144A0
000000000FF1D2D0
000000000B913E50
0000000007B05CF0
0000000004927110
0000000002692B30
00000000014D3F30
00000000013F2760
0000000002275D60
0000000003D62D20
00000000060BB0F0
00000000087B7200
000000000AD098A0
000000000CB69FE0
000000000DE245A0
000000000E12D670
000000000D1C0F90
000000000AE59450
00000000077143B0
0000000002DD50F0
FFFFFFFFFD5B1860
FFFFFFFFF7327800
FFFFFFFFF0BB8F80
FFFFFFFFEA557250
FFFFFFFFE4638060
FFFFFFFFDF4437E0
FFFFFFFFDB4CC940
FFFFFFFFD8BCE500
FFFFFFFFD7BE7C20
FFFFFFFFD8661CF0
FFFFFFFFDAA999D0
FFFFFFFFDE684730
FFFFFFFFE363E1D0
FFFFFFFFE951AD70
FFFFFFFFEFD5B300
FFFFFFFFF68A2F50
FFFFFFFFFD0E4A50
00000000030659A0
000000000822D8E0
000000000C25FA30
000000000EEBD690
0000000010674E80
0000000010A56770
000000000FCB7B50
000000000E128E40
000000000BC28E10
00000000092EE8C0
0000000006AD78F0
0000000004905E00
00000000031D6780
00000000028ABD20
0000000002FA58A0
0000000004766090
0000000006EF5760
000000000A404140
000000000E2C3250
000000001266B920
000000001699C4B0
000000001A6C81C0
000000001D83ABF0
000000001F907F00
000000002056F8E0
000000001FA905C0
000000001D770150
0000000019C7D1C0
0000000014C01770
000000000E988710
00000000079D71B0
00000000002DFED0
FFFFFFFFF8AF90C0
FFFFFFFFF1891EF0
FFFFFFFFEB1A2600
FFFFFFFFE5B7D430
FFFFFFFFE1A44D10
FFFFFFFFDF08FD90
FFFFFFFFDDFA4EE0
FFFFFFFFDE6F3060
FFFFFFFFE043FF10
FFFFFFFFE3413370
FFFFFFFFE71B92B0
FFFFFFFFEB7EBB60
FFFFFFFFF00E2D30
FFFFFFFFF46EC1B0
FFFFFFFFF84FA310
FFFFFFFFFB6D8EF0
FFFFFFFFFD96D4D0
FFFFFFFFFEB2C0D0
FFFFFFFFFEC0D8A0
FFFFFFFFFDD8A2A0
FFFFFFFFFC29D2E0
FFFFFFFFF9F44F10
FFFFFFFFF7848E00
FFFFFFFFF52F6760
FFFFFFFFF3496020
FFFFFFFFF21DBA60
FFFFFFFFF1ED2990
FFFFFFFFF2E3F070
FFFFFFFFF51A6BB0
FFFFFFFFF88EBC50
FFFFFFFFFD22AF10
0000000002A4E7A0
0000000008CD8800
000000000F447080
0000000015AA8DB0
000000001B9C7FA0
0000000020BBC820
0000000024B336C0
0000000027431B00
00000000284183E0
000000002799E310
0000000025566630
000000002197B8D0
000000001C9C1E30
0000000016AE5290
00000000102A4D00
000000000975D0B0
0000000002F1B5B0
FFFFFFFFFCF9A660
FFFFFFFFF7DD2720
FFFFFFFFF3DA05D0
FFFFFFFFF1142970
FFFFFFFFEF98B180
FFFFFFFFEF5A9890
FFFFFFFFF03484B0
FFFFFFFFF1ED71C0
FFFFFFFFF43D71F0
FFFFFFFFF6D11740
FFFFFFFFF9528710
FFFFFFFFFB6FA200
FFFFFFFFFCE29880
FFFFFFFFFD7542E0
FFFFFFFFFD05A760
FFFFFFFFFB899F70
FFFFFFFFF910A8A0
FFFFFFFFF5BFBEC0
FFFFFFFFF1D3CDB0
FFFFFFFFED9946E0
FFFFFFFFE9663B50
FFFFFFFFE5937E40
FFFFFFFFE27C5410
FFFFFFFFE06F8100
FFFFFFFFDFA90720
FFFFFFFFE056FA40
FFFFFFFFE288FEB0
FFFFFFFFE6382E40
FFFFFFFFEB3FE890
FFFFFFFFF16778F0
FFFFFFFFF8628E50
FFFFFFFFFFD20130
0000000007506F40
000000000E76E110
0000000014E5DA00
000000001A482BD0
000000001E5BB2F0
0000000020F70270
000000002205B120
000000002190CFA0
000000001FBC00F0
000000001CBECC90
0000000018E46D50
00000000148144A0
000000000FF1D2D0
000000000B913E50
0000000007B05CF0
0000000004927110
0000000002692B30
00000000014D3F30
00000000013F2760
0000000002275D60
0000000003D62D20
00000000060BB0F0
00000000087B7200
000000000AD098A0
000000000CB69FE0
000000000DE245A0
000000000E12D670
000000000D1C0F90
000000000AE59450
00000000077143B0
0000000002DD50F0
FFFFFFFFFD5B1860
FFFFFFFFF7327800
FFFFFFFFF0BB8F80
FFFFFFFFEA557250
FFFFFFFFE4638060
FFFFFFFFDF4437E0
FFFFFFFFDB4CC940
FFFFFFFFD8BCE500
FFFFFFFFD7BE7C20
FFFFFFFFD8661CF0
FFFFFFFFDAA999D0
FFFFFFFFDE684730
FFFFFFFFE363E1D0
FFFFFFFFE951AD70
FFFFFFFFEFD5B300
FFFFFFFFF68A2F50
FFFFFFFFFD0E4A50
00000000030659A0
000000000822D8E0
000000000C25FA30
000000000EEBD690
0000000010674E80
0000000010A56770
000000000FCB7B50
000000000E128E40
000000000BC28E10
00000000092EE8C0
0000000006AD78F0
0000000004905E00
00000000031D6780
00000000028ABD20
0000000002FA58A0
0000000004766090
0000000006EF5760
000000000A404140
000000000E2C3250
000000001266B920
000000001699C4B0
000000001A6C81C0
000000001D83ABF0
000000001F907F00
000000002056F8E0
000000001FA905C0
000000001D770150
0000000019C7D1C0
0000000014C01770
000000000E988710
00000000079D71B0
00000000002DFED0
FFFFFFFFF8AF90C0
FFFFFFFFF1891EF0
FFFFFFFFEB1A2600
FFFFFFFFE5B7D430
FFFFFFFFE1A44D10
FFFFFFFFDF08FD90
FFFFFFFFDDFA4EE0
FFFFFFFFDE6F3060
FFFFFFFFE043FF10
FFFFFFFFE3413370
FFFFFFFFE71B92B0
FFFFFFFFEB7EBB60
FFFFFFFFF00E2D30
FFFFFFFFF46EC1B0
FFFFFFFFF84FA310
FFFFFFFFFB6D8EF0
FFFFFFFFFD96D4D0
FFFFFFFFFEB2C0D0
FFFFFFFFFEC0D8A0
FFFFFFFFFDD8A2A0
FFFFFFFFFC29D2E0
FFFFFFFFF9F44F10
FFFFFFFFF7848E00
FFFFFFFFF52F6760
FFFFFFFFF3496020
FFFFFFFFF21DBA60
FFFFFFFFF1ED2990
FFFFFFFFF2E3F070
FFFFFFFFF51A6BB0
FFFFFFFFF88EBC50
FFFFFFFFFD22AF10
0000000002A4E7A0
0000000008CD8800
000000000F447080
0000000015AA8DB0
000000001B9C7FA0
0000000020BBC820
0000000024B336C0
0000000027431B00
00000000284183E0
000000002799E310
0000000025566630
000000002197B8D0
000000001C9C1E30
0000000016AE5290
00000000102A4D00
000000000975D0B0
0000000002F1B5B0
FFFFFFFFFCF9A660
FFFFFFFFF7DD2720
FFFFFFFFF3DA05D0
FFFFFFFFF1142970
FFFFFFFFEF98B180
FFFFFFFFEF5A9890
FFFFFFFFF03484B0
FFFFFFFFF1ED71C0
FFFFFFFFF43D71F0
FFFFFFFFF6D11740
FFFFFFFFF9528710
FFFFFFFFFB6FA200
FFFFFFFFFCE29880
FFFFFFFFFD7542E0
FFFFFFFFFD05A760
FFFFFFFFFB899F70
FFFFFFFFF910A8A0
FFFFFFFFF5BFBEC0
FFFFFFFFF1D3CDB0
FFFFFFFFED9946E0
FFFFFFFFE9663B50
FFFFFFFFE5937E40
FFFFFFFFE27C5410
FFFFFFFFE06F8100
FFFFFFFFDFA90720
FFFFFFFFE056FA40
FFFFFFFFE288FEB0
FFFFFFFFE6382E40
FFFFFFFFEB3FE890
FFFFFFFFF16778F0
FFFFFFFFF8628E50
FFFFFFFFFFD20130
0000000007506F40
000000000E76E110
0000000014E5DA00
000000001A482BD0
000000001E5BB2F0
0000000020F70270
000000002205B120
000000002190CFA0
000000001FBC00F0
000000001CBECC90
0000000018E46D50
00000000148144A0
000000000FF1D2D0
000000000B913E50
0000000007B05CF0
0000000004927110
0000000002692B30
00000000014D3F30
00000000013F2760
0000000002275D60
0000000003D62D20
00000000060BB0F0
00000000087B7200
000000000AD098A0
000000000CB69FE0
000000000DE245A0
000000000E12D670
000000000D1C0F90
000000000AE59450
00000000077143B0
0000000002DD50F0
FFFFFFFFFD5B1860
FFFFFFFFF7327800
FFFFFFFFF0BB8F80
FFFFFFFFEA557250
FFFFFFFFE4638060
FFFFFFFFDF4437E0
FFFFFFFFDB4CC940
FFFFFFFFD8BCE500
FFFFFFFFD7BE7C20
FFFFFFFFD8661CF0
FFFFFFFFDAA999D0
FFFFFFFFDE684730
FFFFFFFFE363E1D0
FFFFFFFFE951AD70
FFFFFFFFEFD5B300
FFFFFFFFF68A2F50
FFFFFFFFFD0E4A50
00000000030659A0
000000000822D8E0
000000000C25FA30
000000000EEBD690
0000000010674E80
0000000010A56770
000000000FCB7B50
000000000E128E40
000000000BC28E10
00000000092EE8C0
0000000006AD78F0
0000000004905E00
00000000031D6780
00000000028ABD20
0000000002FA58A0
0000000004766090
0000000006EF5760
000000000A404140
000000000E2C3250
000000001266B920
000000001699C4B0
000000001A6C81C0
000000001D83ABF0
000000001F907F00
000000002056F8E0
000000001FA905C0
000000001D770150
0000000019C7D1C0
0000000014C01770
000000000E988710
00000000079D71B0
00000000002DFED0
FFFFFFFFF8AF90C0
FFFFFFFFF1891EF0
FFFFFFFFEB1A2600
FFFFFFFFE5B7D430
FFFFFFFFE1A44D10
FFFFFFFFDF08FD90
FFFFFFFFDDFA4EE0
FFFFFFFFDE6F3060
FFFFFFFFE043FF10
FFFFFFFFE3413370
FFFFFFFFE71B92B0
FFFFFFFFEB7EBB60
FFFFFFFFF00E2D30
FFFFFFFFF46EC1B0
FFFFFFFFF84FA310
FFFFFFFFFB6D8EF0
FFFFFFFFFD96D4D0
FFFFFFFFFEB2C0D0
FFFFFFFFFEC0D8A0
FFFFFFFFFDD8A2A0
FFFFFFFFFC29D2E0
FFFFFFFFF9F44F10
FFFFFFFFF7848E00
FFFFFFFFF52F6760
FFFFFFFFF3496020
FFFFFFFFF21DBA60
FFFFFFFFF1ED2990
FFFFFFFFF2E3F070
FFFFFFFFF51A6BB0
FFFFFFFFF88EBC50
FFFFFFFFFD22AF10
0000000002A4E7A0
0000000008CD8800
000000000F447080
0000000015AA8DB0
000000001B9C7FA0
0000000020BBC820
0000000024B336C0
0000000027431B00
00000000284183E0
000000002799E310
0000000025566630
000000002197B8D0
000000001C9C1E30
0000000016AE5290
00000000102A4D00
000000000975D0B0
0000000002F1B5B0
FFFFFFFFFCF9A660
FFFFFFFFF7DD2720
FFFFFFFFF3DA05D0
FFFFFFFFF1142970
FFFFFFFFEF98B180
FFFFFFFFEF5A9890
FFFFFFFFF03484B0
FFFFFFFFF1ED71C0
FFFFFFFFF43D71F0
FFFFFFFFF6D11740
FFFFFFFFF9528710
FFFFFFFFFB6FA200
FFFFFFFFFCE29880
FFFFFFFFFD7542E0
FFFFFFFFFD05A760
FFFFFFFFFB899F70
FFFFFFFFF910A8A0
FFFFFFFFF5BFBEC0
FFFFFFFFF1D3CDB0
FFFFFFFFED9946E0
FFFFFFFFE9663B50
FFFFFFFFE5937E40
FFFFFFFFE27C5410
FFFFFFFFE06F8100
FFFFFFFFDFA90720
FFFFFFFFE056FA40
FFFFFFFFE288FEB0
FFFFFFFFE6382E40
FFFFFFFFEB3FE890
FFFFFFFFF16778F0
FFFFFFFFF8628E50
FFFFFFFFFFD20130
0000000007506F40
000000000E76E110
0000000014E5DA00
000000001A482BD0
000000001E5BB2F0
0000000020F70270
000000002205B120
000000002190CFA0
000000001FBC00F0
000000001CBECC90
0000000018E46D50
00000000148144A0
000000000FF1D2D0
000000000B913E50
0000000007B05CF0
0000000004927110
0000000002692B30
00000000014D3F30
00000000013F2760
0000000002275D60
0000000003D62D20
00000000060BB0F0
00000000087B7200
000000000AD098A0
000000000CB69FE0
000000000DE245A0
000000000E12D670
000000000D1C0F90
000000000AE59450
00000000077143B0
0000000002DD50F0
FFFFFFFFFD5B1860
FFFFFFFFF7327800
FFFFFFFFF0BB8F80
FFFFFFFFEA557250
FFFFFFFFE4638060
FFFFFFFFDF4437E0
FFFFFFFFDB4CC940
FFFFFFFFD8BCE500
FFFFFFFFD7BE7C20
FFFFFFFFD8661CF0
FFFFFFFFDAA999D0
FFFFFFFFDE684730
FFFFFFFFE363E1D0
FFFFFFFFE951AD70
FFFFFFFFEFD5B300
FFFFFFFFF68A2F50
FFFFFFFFFD0E4A50
00000000030659A0
000000000822D8E0
000000000C25FA30
000000000EEBD690
0000000010674E80
0000000010A56770
000000000FCB7B50
000000000E128E40
000000000BC28E10
00000000092EE8C0
0000000006AD78F0
0000000004905E00
00000000031D6780
00000000028ABD20
0000000002FA58A0
0000000004766090
0000000006EF5760
000000000A404140
000000000E2C3250
000000001266B920
000000001699C4B0
000000001A6C81C0
000000001D83ABF0
000000001F907F00
000000002056F8E0
000000001FA905C0
000000001D770150
0000000019C7D1C0
0000000014C01770
000000000E988710
00000000079D71B0
00000000002DFED0
FFFFFFFFF8AF90C0
FFFFFFFFF1891EF0
FFFFFFFFEB1A2600
FFFFFFFFE5B7D430
FFFFFFFFE1A44D10
FFFFFFFFDF08FD90
FFFFFFFFDDFA4EE0
FFFFFFFFDE6F3060
FFFFFFFFE043FF10
FFFFFFFFE3413370
FFFFFFFFE71B92B0
FFFFFFFFEB7EBB60
FFFFFFFFF00E2D30
FFFFFFFFF46EC1B0
FFFFFFFFF84FA310
FFFFFFFFFB6D8EF0
FFFFFFFFFD96D4D0
FFFFFFFFFEB2C0D0
FFFFFFFFFEC0D8A0
FFFFFFFFFDD8A2A0
FFFFFFFFFC29D2E0
FFFFFFFFF9F44F10
FFFFFFFFF7848E00
FFFFFFFFF52F6760
FFFFFFFFF3496020
FFFFFFFFF21DBA60
FFFFFFFFF1ED2990
FFFFFFFFF2E3F070
FFFFFFFFF51A6BB0
FFFFFFFFF88EBC50
FFFFFFFFFD22AF10
0000000002A4E7A0
0000000008CD8800
000000000F447080
0000000015AA8DB0
000000001B9C7FA0
0000000020BBC820
0000000024B336C0
0000000027431B00
00000000284183E0
000000002799E310
0000000025566630
000000002197B8D0
000000001C9C1E30
0000000016AE5290
00000000102A4D00
000000000975D0B0
0000000002F1B5B0
FFFFFFFFFCF9A660
FFFFFFFFF7DD2720
FFFFFFFFF3DA05D0
FFFFFFFFF1142970
FFFFFFFFEF98B180
FFFFFFFFEF5A9890
FFFFFFFFF03484B0
FFFFFFFFF1ED71C0
FFFFFFFFF43D71F0
FFFFFFFFF6D11740
FFFFFFFFF9528710
FFFFFFFFFB6FA200
FFFFFFFFFCE29880
FFFFFFFFFD7542E0
FFFFFFFFFD05A760
FFFFFFFFFB899F70
FFFFFFFFF910A8A0
FFFFFFFFF5BFBEC0
FFFFFFFFF1D3CDB0
FFFFFFFFED9946E0
FFFFFFFFE9663B50
FFFFFFFFE5937E40
FFFFFFFFE27C5410
FFFFFFFFE06F8100
FFFFFFFFDFA90720
FFFFFFFFE056FA40
FFFFFFFFE288FEB0
FFFFFFFFE6382E40
FFFFFFFFEB3FE890
FFFFFFFFF16778F0
FFFFFFFFF8628E50
FFFFFFFFFFD20130
0000000007506F40
000000000E76E110
0000000014E5DA00
000000001A482BD0
000000001E5BB2F0
0000000020F70270
000000002205B120
000000002190CFA0
000000001FBC00F0
000000001CBECC90
0000000018E46D50
00000000148144A0
000000000FF1D2D0
000000000B913E50
0000000007B05CF0
0000000004927110
0000000002692B30
00000000014D3F30
00000000013F2760
0000000002275D60
0000000003D62D20
00000000060BB0F0
00000000087B7200
000000000AD098A0
000000000CB69FE0
000000000DE245A0
000000000E12D670
000000000D1C0F90
000000000AE59450
00000000077143B0
0000000002DD50F0
FFFFFFFFFD5B1860
FFFFFFFFF7327800
FFFFFFFFF0BB8F80
FFFFFFFFEA557250
FFFFFFFFE4638060
FFFFFFFFDF4437E0
FFFFFFFFDB4CC940
FFFFFFFFD8BCE500
FFFFFFFFD7BE7C20
FFFFFFFFD8661CF0
FFFFFFFFDAA999D0
FFFFFFFFDE684730
FFFFFFFFE363E1D0
FFFFFFFFE951AD70
FFFFFFFFEFD5B300
FFFFFFFFF68A2F50
FFFFFFFFFD0E4A50
00000000030659A0
000000000822D8E0
000000000C25FA30
000000000EEBD690
0000000010674E80
0000000010A56770
000000000FCB7B50
000000000E128E40
000000000BC28E10
00000000092EE8C0
0000000006AD78F0
0000000004905E00
00000000031D6780
00000000028ABD20
0000000002FA58A0
0000000004766090
0000000006EF5760
000000000A404140
000000000E2C3250
000000001266B920
000000001699C4B0
000000001A6C81C0
000000001D83ABF0
000000001F907F00
000000002056F8E0
000000001FA905C0
000000001D770150
0000000019C7D1C0
0000000014C01770
000000000E988710
00000000079D71B0
00000000002DFED0
FFFFFFFFF8AF90C0
FFFFFFFFF1891EF0
FFFFFFFFEB1A2600
FFFFFFFFE5B7D430
FFFFFFFFE1A44D10
FFFFFFFFDF08FD90
FFFFFFFFDDFA4EE0
FFFFFFFFDE6F3060
FFFFFFFFE043FF10
FFFFFFFFE3413370
FFFFFFFFE71B92B0
FFFFFFFFEB7EBB60
FFFFFFFFF00E2D30
FFFFFFFFF46EC1B0
FFFFFFFFF84FA310
FFFFFFFFFB6D8EF0
FFFFFFFFFD96D4D0
FFFFFFFFFEB2C0D0
FFFFFFFFFEC0D8A0
FFFFFFFFFDD8A2A0
FFFFFFFFFC29D2E0
FFFFFFFFF9F44F10
FFFFFFFFF7848E00
FFFFFFFFF52F6760
FFFFFFFFF3496020
FFFFFFFFF21DBA60
FFFFFFFFF1ED2990
FFFFFFFFF2E3F070
FFFFFFFFF51A6BB0
FFFFFFFFF88EBC50
FFFFFFFFFD22AF10
0000000002A4E7A0
0000000008CD8800
000000000F447080
0000000015AA8DB0
000000001B9C7FA0
0000000020BBC820
0000000024B336C0
0000000027431B00
00000000284183E0
000000002799E310
0000000025566630
000000002197B8D0
000000001C9C1E30
0000000016AE5290
00000000102A4D00
000000000975D0B0
0000000002F1B5B0
FFFFFFFFFCF9A660
FFFFFFFFF7DD2720
FFFFFFFFF3DA05D0
FFFFFFFFF1142970
FFFFFFFFEF98B180
FFFFFFFFEF5A9890
FFFFFFFFF03484B0
FFFFFFFFF1ED71C0
FFFFFFFFF43D71F0
FFFFFFFFF6D11740
FFFFFFFFF9528710
FFFFFFFFFB6FA200
FFFFFFFFFCE29880
FFFFFFFFFD7542E0
FFFFFFFFFD05A760
FFFFFFFFFB899F70
FFFFFFFFF910A8A0
FFFFFFFFF5BFBEC0
FFFFFFFFF1D3CDB0
FFFFFFFFED9946E0
FFFFFFFFE9663B50
FFFFFFFFE5937E40
FFFFFFFFE27C5410
FFFFFFFFE06F8100
FFFFFFFFDFA90720
FFFFFFFFE056FA40
FFFFFFFFE288FEB0
FFFFFFFFE6382E40
FFFFFFFFEB3FE890
FFFFFFFFF16778F0
FFFFFFFFF8628E50
FFFFFFFFFFD20130
0000000007506F40
000000000E76E110
0000000014E5DA00
000000001A482BD0
000000001E5BB2F0
0000000020F70270
000000002205B120
000000002190CFA0
000000001FBC00F0
000000001CBECC90
0000000018E46D50
00000000148144A0
000000000FF1D2D0
000000000B913E50
0000000007B05CF0
0000000004927110
0000000002692B30
00000000014D3F30
00000000013F2760
0000000002275D60
0000000003D62D20
00000000060BB0F0
00000000087B7200
000000000AD098A0
000000000CB69FE0
000000000DE245A0
000000000E12D670
000000000D1C0F90
000000000AE59450
00000000077143B0
0000000002DD50F0
FFFFFFFFFD5B1860
FFFFFFFFF7327800
FFFFFFFFF0BB8F80
FFFFFFFFEA557250
FFFFFFFFE4638060
FFFFFFFFDF4437E0
FFFFFFFFDB4CC940
FFFFFFFFD8BCE500
FFFFFFFFD7BE7C20
FFFFFFFFD8661CF0
FFFFFFFFDAA999D0
FFFFFFFFDE684730
FFFFFFFFE363E1D0
FFFFFFFFE951AD70
FFFFFFFFEFD5B300
FFFFFFFFF68A2F50
FFFFFFFFFD0E4A50
00000000030659A0
000000000822D8E0
000000000C25FA30
000000000EEBD690
0000000010674E80
0000000010A56770
000000000FCB7B50
000000000E128E40
000000000BC28E10
00000000092EE8C0
0000000006AD78F0
0000000004905E00
00000000031D6780
00000000028ABD20
0000000002FA58A0
0000000004766090
0000000006EF5760
000000000A404140
000000000E2C3250
000000001266B920
000000001699C4B0
000000001A6C81C0
000000001D83ABF0
000000001F907F00
000000002056F8E0
000000001FA905C0
000000001D770150
0000000019C7D1C0
0000000014C01770
000000000E988710
00000000079D71B0
00000000002DFED0
FFFFFFFFF8AF90C0
FFFFFFFFF1891EF0
FFFFFFFFEB1A2600
FFFFFFFFE5B7D430
FFFFFFFFE1A44D10
FFFFFFFFDF08FD90
FFFFFFFFDDFA4EE0
FFFFFFFFDE6F3060
FFFFFFFFE043FF10
FFFFFFFFE3413370
FFFFFFFFE71B92B0
FFFFFFFFEB7EBB60
FFFFFFFFF00E2D30
FFFFFFFFF46EC1B0
FFFFFFFFF84FA310
FFFFFFFFFB6D8EF0
FFFFFFFFFD96D4D0
FFFFFFFFFEB2C0D0
FFFFFFFFFEC0D8A0
FFFFFFFFFDD8A2A0
FFFFFFFFFC29D2E0
FFFFFFFFF9F44F10
FFFFFFFFF7848E00
FFFFFFFFF52F6760
FFFFFFFFF3496020
FFFFFFFFF21DBA60
FFFFFFFFF1ED2990
FFFFFFFFF2E3F070
FFFFFFFFF51A6BB0
FFFFFFFFF88EBC50
FFFFFFFFFD22AF10
0000000002A4E7A0
0000000008CD8800
000000000F447080
0000000015AA8DB0
000000001B9C7FA0
0000000020BBC820
0000000024B336C0
0000000027431B00
00000000284183E0
000000002799E310
0000000025566630
000000002197B8D0
000000001C9C1E30
0000000016AE5290
00000000102A4D00
000000000975D0B0
0000000002F1B5B0
FFFFFFFFFCF9A660
FFFFFFFFF7DD2720
FFFFFFFFF3DA05D0
FFFFFFFFF1142970
FFFFFFFFEF98B180
FFFFFFFFEF5A9890
FFFFFFFFF03484B0
FFFFFFFFF1ED71C0
FFFFFFFFF43D71F0
FFFFFFFFF6D11740
FFFFFFFFF9528710
FFFFFFFFFB6FA200
FFFFFFFFFCE29880
FFFFFFFFFD7542E0
FFFFFFFFFD05A760
FFFFFFFFFB899F70
FFFFFFFFF910A8A0
FFFFFFFFF5BFBEC0
FFFFFFFFF1D3CDB0
FFFFFFFFED9946E0
FFFFFFFFE9663B50
FFFFFFFFE5937E40
FFFFFFFFE27C5410
FFFFFFFFE06F8100
FFFFFFFFDFA90720
FFFFFFFFE056FA40
FFFFFFFFE288FEB0
FFFFFFFFE6382E40
FFFFFFFFEB3FE890
FFFFFFFFF16778F0
FFFFFFFFF8628E50
FFFFFFFFFFD20130
0000000007506F40
000000000E76E110
0000000014E5DA00
000000001A482BD0
000000001E5BB2F0
0000000020F70270
000000002205B120
000000002190CFA0
000000001FBC00F0
000000001CBECC90
0000000018E46D50
00000000148144A0
000000000FF1D2D0
000000000B913E50
0000000007B05CF0
0000000004927110
0000000002692B30
00000000014D3F30
00000000013F2760
0000000002275D60
0000000003D62D20
00000000060BB0F0
00000000087B7200
000000000AD098A0
000000000CB69FE0
000000000DE245A0
000000000E12D670
000000000D1C0F90
000000000AE59450
00000000077143B0
0000000002DD50F0
FFFFFFFFFD5B1860
FFFFFFFFF7327800
FFFFFFFFF0BB8F80
FFFFFFFFEA557250
FFFFFFFFE4638060
FFFFFFFFDF4437E0
FFFFFFFFDB4CC940
FFFFFFFFD8BCE500
FFFFFFFFD7BE7C20
FFFFFFFFD8661CF0
FFFFFFFFDAA999D0
FFFFFFFFDE684730
FFFFFFFFE363E1D0
FFFFFFFFE951AD70
FFFFFFFFEFD5B300
FFFFFFFFF68A2F50
FFFFFFFFFD0E4A50
00000000030659A0
000000000822D8E0
000000000C25FA30
000000000EEBD690
0000000010674E80
0000000010A56770
000000000FCB7B50
000000000E128E40
000000000BC28E10
00000000092EE8C0
0000000006AD78F0
0000000004905E00
00000000031D6780
00000000028ABD20
0000000002FA58A0
0000000004766090
0000000006EF5760
000000000A404140
000000000E2C3250
000000001266B920
000000001699C4B0
000000001A6C81C0
000000001D83ABF0
000000001F907F00
000000002056F8E0
000000001FA905C0
000000001D770150
0000000019C7D1C0
0000000014C01770
000000000E988710
00000000079D71B0
00000000002DFED0
FFFFFFFFF8AF90C0
FFFFFFFFF1891EF0
FFFFFFFFEB1A2600
FFFFFFFFE5B7D430
FFFFFFFFE1A44D10
FFFFFFFFDF08FD90
FFFFFFFFDDFA4EE0
FFFFFFFFDE6F3060
FFFFFFFFE043FF10
FFFFFFFFE3413370
FFFFFFFFE71B92B0
FFFFFFFFEB7EBB60
FFFFFFFFF00E2D30
FFFFFFFFF46EC1B0
FFFFFFFFF84FA310
FFFFFFFFFB6D8EF0
FFFFFFFFFD96D4D0
FFFFFFFFFEB2C0D0
FFFFFFFFFEC0D8A0
FFFFFFFFFDD8A2A0
FFFFFFFFFC29D2E0
FFFFFFFFF9F44F10
FFFFFFFFF7848E00
FFFFFFFFF52F6760
FFFFFFFFF3496020
FFFFFFFFF21DBA60
FFFFFFFFF1ED2990
FFFFFFFFF2E3F070
FFFFFFFFF51A6BB0
FFFFFFFFF88EBC50
FFFFFFFFFD22AF10
0000000002A4E7A0
0000000008CD8800
000000000F447080
0000000015AA8DB0
000000001B9C7FA0
0000000020BBC820
0000000024B336C0
0000000027431B00
00000000284183E0
000000002799E310
0000000025566630
000000002197B8D0
000000001C9C1E30
0000000016AE5290
00000000102A4D00
000000000975D0B0
0000000002F1B5B0
FFFFFFFFFCF9A660
FFFFFFFFF7DD2720
FFFFFFFFF3DA05D0
FFFFFFFFF1142970
FFFFFFFFEF98B180
FFFFFFFFEF5A9890
FFFFFFFFF03484B0
FFFFFFFFF1ED71C0
FFFFFFFFF43D71F0
FFFFFFFFF6D11740
FFFFFFFFF9528710
FFFFFFFFFB6FA200
FFFFFFFFFCE29880
FFFFFFFFFD7542E0
FFFFFFFFFD05A760
FFFFFFFFFB899F70
FFFFFFFFF910A8A0
FFFFFFFFF5BFBEC0
FFFFFFFFF1D3CDB0
FFFFFFFFED9946E0
FFFFFFFFE9663B50
FFFFFFFFE5937E40
FFFFFFFFE27C5410
FFFFFFFFE06F8100
FFFFFFFFDFA90720
FFFFFFFFE056FA40
FFFFFFFFE288FEB0
FFFFFFFFE6382E40
FFFFFFFFEB3FE890
FFFFFFFFF16778F0
FFFFFFFFF8628E50
FFFFFFFFFFD20130
0000000007506F40
000000000E76E110
0000000014E5DA00
000000001A482BD0
000000001E5BB2F0
0000000020F70270
000000002205B120
000000002190CFA0
000000001FBC00F0
000000001CBECC90
0000000018E46D50
00000000148144A0
000000000FF1D2D0
000000000B913E50
0000000007B05CF0
0000000004927110
0000000002692B30
00000000014D3F30
00000000013F2760
0000000002275D60
0000000003D62D20
00000000060BB0F0
00000000087B7200
000000000AD098A0
000000000CB69FE0
000000000DE245A0
000000000E12D670
000000000D1C0F90
000000000AE59450
00000000077143B0
0000000002DD50F0
FFFFFFFFFD5B1860
FFFFFFFFF7327800
FFFFFFFFF0BB8F80
FFFFFFFFEA557250
FFFFFFFFE4638060
FFFFFFFFDF4437E0
FFFFFFFFDB4CC940
FFFFFFFFD8BCE500
FFFFFFFFD7BE7C20
FFFFFFFFD8661CF0
FFFFFFFFDAA999D0
FFFFFFFFDE684730
FFFFFFFFE363E1D0
FFFFFFFFE951AD70
FFFFFFFFEFD5B300
FFFFFFFFF68A2F50
FFFFFFFFFD0E4A50
00000000030659A0
000000000822D8E0
000000000C25FA30
000000000EEBD690
0000000010674E80
0000000010A56770
000000000FCB7B50
000000000E128E40
000000000BC28E10
00000000092EE8C0
0000000006AD78F0
0000000004905E00
00000000031D6780
00000000028ABD20
0000000002FA58A0
0000000004766090
0000000006EF5760
000000000A404140
000000000E2C3250
000000001266B920
000000001699C4B0
000000001A6C81C0
000000001D83ABF0
000000001F907F00
000000002056F8E0
000000001FA905C0
000000001D770150
0000000019C7D1C0
0000000014C01770
000000000E988710
00000000079D71B0
00000000002DFED0
FFFFFFFFF8AF90C0
FFFFFFFFF1891EF0
FFFFFFFFEB1A2600
FFFFFFFFE5B7D430
FFFFFFFFE1A44D10
FFFFFFFFDF08FD90
FFFFFFFFDDFA4EE0
FFFFFFFFDE6F3060
FFFFFFFFE043FF10
FFFFFFFFE3413370
FFFFFFFFE71B92B0
FFFFFFFFEB7EBB60
FFFFFFFFF00E2D30
FFFFFFFFF46EC1B0
FFFFFFFFF84FA310
FFFFFFFFFB6D8EF0
FFFFFFFFFD96D4D0
FFFFFFFFFEB2C0D0
FFFFFFFFFEC0D8A0
FFFFFFFFFDD8A2A0
FFFFFFFFFC29D2E0
FFFFFFFFF9F44F10
FFFFFFFFF7848E00
FFFFFFFFF52F6760
FFFFFFFFF3496020
FFFFFFFFF21DBA60
FFFFFFFFF1ED2990
FFFFFFFFF2E3F070
FFFFFFFFF51A6BB0
FFFFFFFFF88EBC50
FFFFFFFFFD22AF10
0000000002A4E7A0
0000000008CD8800
000000000F447080
0000000015AA8DB0
000000001B9C7FA0
0000000020BBC820
0000000024B336C0
0000000027431B00
00000000284183E0
000000002799E310
0000000025566630
000000002197B8D0
000000001C9C1E30
0000000016AE5290
00000000102A4D00
000000000975D0B0
0000000002F1B5B0
FFFFFFFFFCF9A660
FFFFFFFFF7DD2720
FFFFFFFFF3DA05D0
FFFFFFFFF1142970
FFFFFFFFEF98B180
FFFFFFFFEF5A9890
FFFFFFFFF03484B0
FFFFFFFFF1ED71C0
FFFFFFFFF43D71F0
FFFFFFFFF6D11740
FFFFFFFFF9528710
FFFFFFFFFB6FA200
FFFFFFFFFCE29880
FFFFFFFFFD7542E0
FFFFFFFFFD05A760
FFFFFFFFFB899F70
FFFFFFFFF910A8A0
FFFFFFFFF5BFBEC0
FFFFFFFFF1D3CDB0
FFFFFFFFED9946E0
FFFFFFFFE9663B50
FFFFFFFFE5937E40
FFFFFFFFE27C5410
FFFFFFFFE06F8100
FFFFFFFFDFA90720
FFFFFFFFE056FA40
FFFFFFFFE288FEB0
FFFFFFFFE6382E40
FFFFFFFFEB3FE890
FFFFFFFFF16778F0
FFFFFFFFF8628E50
FFFFFFFFFFD20130
0000000007506F40
000000000E76E110
0000000014E5DA00
000000001A482BD0
000000001E5BB2F0
0000000020F70270
000000002205B120
000000002190CFA0
000000001FBC00F0
000000001CBECC90
0000000018E46D50
00000000148144A0
000000000FF1D2D0
000000000B913E50
0000000007B05CF0
0000000004927110
0000000002692B30
00000000014D3F30
00000000013F2760
0000000002275D60
0000000003D62D20
00000000060BB0F0
00000000087B7200
000000000AD098A0
000000000CB69FE0
000000000DE245A0
000000000E12D670
000000000D1C0F90
000000000AE59450
00000000077143B0
0000000002DD50F0
FFFFFFFFFD5B1860
FFFFFFFFF7327800
FFFFFFFFF0BB8F80
FFFFFFFFEA557250
FFFFFFFFE4638060
FFFFFFFFDF4437E0
FFFFFFFFDB4CC940
FFFFFFFFD8BCE500
FFFFFFFFD7BE7C20
FFFFFFFFD8661CF0
FFFFFFFFDAA999D0
FFFFFFFFDE684730
FFFFFFFFE363E1D0
FFFFFFFFE951AD70
FFFFFFFFEFD5B300
FFFFFFFFF68A2F50
FFFFFFFFFD0E4A50
00000000030659A0
000000000822D8E0
000000000C25FA30
000000000EEBD690
0000000010674E80
0000000010A56770
000000000FCB7B50
000000000E128E40
000000000BC28E10
00000000092EE8C0
0000000006AD78F0
0000000004905E00
00000000031D6780
00000000028ABD20
0000000002FA58A0
0000000004766090
0000000006EF5760
000000000A404140
000000000E2C3250
000000001266B920
000000001699C4B0
000000001A6C81C0
000000001D83ABF0
000000001F907F00
000000002056F8E0
000000001FA905C0
000000001D770150
0000000019C7D1C0
0000000014C01770
000000000E988710
00000000079D71B0
00000000002DFED0
FFFFFFFFF8AF90C0
FFFFFFFFF1891EF0
FFFFFFFFEB1A2600
FFFFFFFFE5B7D430
FFFFFFFFE1A44D10
FFFFFFFFDF08FD90
FFFFFFFFDDFA4EE0
FFFFFFFFDE6F3060
FFFFFFFFE043FF10
FFFFFFFFE3413370
FFFFFFFFE71B92B0
FFFFFFFFEB7EBB60
FFFFFFFFF00E2D30
FFFFFFFFF46EC1B0
FFFFFFFFF84FA310
FFFFFFFFFB6D8EF0
FFFFFFFFFD96D4D0
FFFFFFFFFEB2C0D0
FFFFFFFFFEC0D8A0
FFFFFFFFFDD8A2A0
FFFFFFFFFC29D2E0
FFFFFFFFF9F44F10
FFFFFFFFF7848E00
FFFFFFFFF52F6760
FFFFFFFFF3496020
FFFFFFFFF21DBA60
FFFFFFFFF1ED2990
FFFFFFFFF2E3F070
FFFFFFFFF51A6BB0
FFFFFFFFF88EBC50
FFFFFFFFFD22AF10
0000000002A4E7A0
0000000008CD8800
000000000F447080
0000000015AA8DB0
000000001B9C7FA0
0000000020BBC820
0000000024B336C0
0000000027431B00
00000000284183E0
000000002799E310
0000000025566630
000000002197B8D0
000000001C9C1E30
0000000016AE5290
00000000102A4D00
000000000975D0B0
0000000002F1B5B0
FFFFFFFFFCF9A660
FFFFFFFFF7DD2720
FFFFFFFFF3DA05D0
FFFFFFFFF1142970
FFFFFFFFEF98B180
FFFFFFFFEF5A9890
FFFFFFFFF03484B0
FFFFFFFFF1ED71C0
FFFFFFFFF43D71F0
FFFFFFFFF6D11740
FFFFFFFFF9528710
FFFFFFFFFB6FA200
FFFFFFFFFCE29880
FFFFFFFFFD7542E0
FFFFFFFFFD05A760
FFFFFFFFFB899F70
FFFFFFFFF910A8A0
FFFFFFFFF5BFBEC0
FFFFFFFFF1D3CDB0
FFFFFFFFED9946E0
FFFFFFFFE9663B50
FFFFFFFFE5937E40
FFFFFFFFE27C5410
FFFFFFFFE06F8100
FFFFFFFFDFA90720
FFFFFFFFE056FA40
FFFFFFFFE288FEB0
FFFFFFFFE6382E40
FFFFFFFFEB3FE890
FFFFFFFFF16778F0
FFFFFFFFF8628E50
FFFFFFFFFFD20130
0000000007506F40
000000000E76E110
0000000014E5DA00
000000001A482BD0
000000001E5BB2F0
0000000020F70270
000000002205B120
000000002190CFA0
000000001FBC00F0
000000001CBECC90
0000000018E46D50
00000000148144A0
000000000FF1D2D0
000000000B913E50
0000000007B05CF0
0000000004927110
0000000002692B30
00000000014D3F30
00000000013F2760
0000000002275D60
0000000003D62D20
00000000060BB0F0
00000000087B7200
000000000AD098A0
000000000CB69FE0
000000000DE245A0
000000000E12D670
000000000D1C0F90
000000000AE59450
00000000077143B0
0000000002DD50F0
FFFFFFFFFD5B1860
FFFFFFFFF7327800
FFFFFFFFF0BB8F80
FFFFFFFFEA557250
FFFFFFFFE4638060
FFFFFFFFDF4437E0
FFFFFFFFDB4CC940
FFFFFFFFD8BCE500
FFFFFFFFD7BE7C20
FFFFFFFFD8661CF0
FFFFFFFFDAA999D0
FFFFFFFFDE684730
FFFFFFFFE363E1D0
FFFFFFFFE951AD70
FFFFFFFFEFD5B300
FFFFFFFFF68A2F50
FFFFFFFFFD0E4A50
00000000030659A0
000000000822D8E0
000000000C25FA30
000000000EEBD690
0000000010674E80
0000000010A56770
000000000FCB7B50
000000000E128E40
000000000BC28E10
00000000092EE8C0
0000000006AD78F0
0000000004905E00
00000000031D6780
00000000028ABD20
0000000002FA58A0
0000000004766090
0000000006EF5760
000000000A404140
000000000E2C3250
000000001266B920
000000001699C4B0
000000001A6C81C0
000000001D83ABF0
000000001F907F00
000000002056F8E0
000000001FA905C0
000000001D770150
0000000019C7D1C0
0000000014C01770
000000000E988710
00000000079D71B0
00000000002DFED0
FFFFFFFFF8AF90C0
FFFFFFFFF1891EF0
FFFFFFFFEB1A2600
FFFFFFFFE5B7D430
FFFFFFFFE1A44D10
FFFFFFFFDF08FD90
FFFFFFFFDDFA4EE0
FFFFFFFFDE6F3060
FFFFFFFFE043FF10
FFFFFFFFE3413370
FFFFFFFFE71B92B0
FFFFFFFFEB7EBB60
FFFFFFFFF00E2D30
FFFFFFFFF46EC1B0
FFFFFFFFF84FA310
FFFFFFFFFB6D8EF0
FFFFFFFFFD96D4D0
FFFFFFFFFEB2C0D0
FFFFFFFFFEC0D8A0
FFFFFFFFFDD8A2A0
FFFFFFFFFC29D2E0
FFFFFFFFF9F44F10
FFFFFFFFF7848E00
FFFFFFFFF52F6760
FFFFFFFFF3496020
FFFFFFFFF21DBA60
FFFFFFFFF1ED2990
FFFFFFFFF2E3F070
FFFFFFFFF51A6BB0
FFFFFFFFF88EBC50
FFFFFFFFFD22AF10
0000000002A4E7A0
0000000008CD8800
000000000F447080
0000000015AA8DB0
000000001B9C7FA0
0000000020BBC820
0000000024B336C0
0000000027431B00
00000000284183E0
000000002799E310
0000000025566630
000000002197B8D0
000000001C9C1E30
0000000016AE5290
00000000102A4D00
000000000975D0B0
0000000002F1B5B0
FFFFFFFFFCF9A660
FFFFFFFFF7DD2720
FFFFFFFFF3DA05D0
FFFFFFFFF1142970
FFFFFFFFEF98B180
FFFFFFFFEF5A9890
FFFFFFFFF03484B0
FFFFFFFFF1ED71C0
FFFFFFFFF43D71F0
FFFFFFFFF6D11740
FFFFFFFFF9528710
FFFFFFFFFB6FA200
FFFFFFFFFCE29880
FFFFFFFFFD7542E0
FFFFFFFFFD05A760
FFFFFFFFFB899F70
FFFFFFFFF910A8A0
FFFFFFFFF5BFBEC0
FFFFFFFFF1D3CDB0
FFFFFFFFED9946E0
FFFFFFFFE9663B50
FFFFFFFFE5937E40
FFFFFFFFE27C5410
FFFFFFFFE06F8100
FFFFFFFFDFA90720
FFFFFFFFE056FA40
FFFFFFFFE288FEB0
FFFFFFFFE6382E40
FFFFFFFFEB3FE890
FFFFFFFFF16778F0
FFFFFFFFF8628E50
FFFFFFFFFFD20130
0000000007506F40
000000000E76E110
0000000014E5DA00
000000001A482BD0
000000001E5BB2F0
0000000020F70270
000000002205B120
000000002190CFA0
000000001FBC00F0
000000001CBECC90
0000000018E46D50
00000000148144A0
000000000FF1D2D0
000000000B913E50
0000000007B05CF0
0000000004927110
0000000002692B30
00000000014D3F30
00000000013F2760
0000000002275D60
0000000003D62D20
00000000060BB0F0
00000000087B7200
000000000AD098A0
000000000CB69FE0
000000000DE245A0
000000000E12D670
000000000D1C0F90
000000000AE59450
00000000077143B0
0000000002DD50F0
FFFFFFFFFD5B1860
FFFFFFFFF7327800
FFFFFFFFF0BB8F80
FFFFFFFFEA557250
FFFFFFFFE4638060
FFFFFFFFDF4437E0
FFFFFFFFDB4CC940
FFFFFFFFD8BCE500
FFFFFFFFD7BE7C20
FFFFFFFFD8661CF0
FFFFFFFFDAA999D0
FFFFFFFFDE684730
FFFFFFFFE363E1D0
FFFFFFFFE951AD70
FFFFFFFFEFD5B300
FFFFFFFFF68A2F50
FFFFFFFFFD0E4A50
00000000030659A0
000000000822D8E0
000000000C25FA30
000000000EEBD690
0000000010674E80
0000000010A56770
000000000FCB7B50
000000000E128E40
000000000BC28E10
00000000092EE8C0
0000000006AD78F0
0000000004905E00
00000000031D6780
00000000028ABD20
0000000002FA58A0
0000000004766090
0000000006EF5760
000000000A404140
000000000E2C3250
000000001266B920
000000001699C4B0
000000001A6C81C0
000000001D83ABF0
000000001F907F00
000000002056F8E0
000000001FA905C0
000000001D770150
0000000019C7D1C0
0000000014C01770
000000000E988710
00000000079D71B0
00000000002DFED0
FFFFFFFFF8AF90C0
FFFFFFFFF1891EF0
FFFFFFFFEB1A2600
FFFFFFFFE5B7D430
FFFFFFFFE1A44D10
FFFFFFFFDF08FD90
FFFFFFFFDDFA4EE0
FFFFFFFFDE6F3060
FFFFFFFFE043FF10
FFFFFFFFE3413370
FFFFFFFFE71B92B0
FFFFFFFFEB7EBB60
FFFFFFFFF00E2D30
FFFFFFFFF46EC1B0
FFFFFFFFF84FA310
FFFFFFFFFB6D8EF0
FFFFFFFFFD96D4D0
FFFFFFFFFEB2C0D0
FFFFFFFFFEC0D8A0
FFFFFFFFFDD8A2A0
FFFFFFFFFC29D2E0
FFFFFFFFF9F44F10
FFFFFFFFF7848E00
FFFFFFFFF52F6760
FFFFFFFFF3496020
FFFFFFFFF21DBA60
FFFFFFFFF1ED2990
FFFFFFFFF2E3F070
FFFFFFFFF51A6BB0
FFFFFFFFF88EBC50
FFFFFFFFFD22AF10
0000000002A4E7A0
0000000008CD8800
000000000F447080
0000000015AA8DB0
000000001B9C7FA0
0000000020BBC820
0000000024B336C0
0000000027431B00
00000000284183E0
000000002799E310
0000000025566630
000000002197B8D0
000000001C9C1E30
0000000016AE5290
00000000102A4D00
000000000975D0B0
0000000002F1B5B0
FFFFFFFFFCF9A660
FFFFFFFFF7DD2720
FFFFFFFFF3DA05D0
FFFFFFFFF1142970
FFFFFFFFEF98B180
FFFFFFFFEF5A9890
FFFFFFFFF03484B0
FFFFFFFFF1ED71C0
FFFFFFFFF43D71F0
FFFFFFFFF6D11740
FFFFFFFFF9528710
FFFFFFFFFB6FA200
FFFFFFFFFCE29880
FFFFFFFFFD7542E0
FFFFFFFFFD05A760
FFFFFFFFFB899F70
FFFFFFFFF910A8A0
FFFFFFFFF5BFBEC0
FFFFFFFFF1D3CDB0
FFFFFFFFED9946E0
FFFFFFFFE9663B50
FFFFFFFFE5937E40
FFFFFFFFE27C5410
FFFFFFFFE06F8100
FFFFFFFFDFA90720
FFFFFFFFE056FA40
FFFFFFFFE288FEB0
FFFFFFFFE6382E40
FFFFFFFFEB3FE890
FFFFFFFFF16778F0
FFFFFFFFF8628E50
FFFFFFFFFFD20130
0000000007506F40
000000000E76E110
0000000014E5DA00
000000001A482BD0
000000001E5BB2F0
0000000020F70270
000000002205B120
000000002190CFA0
000000001FBC00F0
000000001CBECC90
0000000018E46D50
00000000148144A0
000000000FF1D2D0
000000000B913E50
0000000007B05CF0
0000000004927110
0000000002692B30
00000000014D3F30
00000000013F2760
0000000002275D60
0000000003D62D20
00000000060BB0F0
00000000087B7200
000000000AD098A0
000000000CB69FE0
000000000DE245A0
000000000E12D670
000000000D1C0F90
000000000AE59450
00000000077143B0
0000000002DD50F0
FFFFFFFFFD5B1860
FFFFFFFFF7327800
FFFFFFFFF0BB8F80
FFFFFFFFEA557250
FFFFFFFFE4638060
FFFFFFFFDF4437E0
FFFFFFFFDB4CC940
FFFFFFFFD8BCE500
FFFFFFFFD7BE7C20
FFFFFFFFD8661CF0
FFFFFFFFDAA999D0
FFFFFFFFDE684730
FFFFFFFFE363E1D0
FFFFFFFFE951AD70
FFFFFFFFEFD5B300
FFFFFFFFF68A2F50
FFFFFFFFFD0E4A50
00000000030659A0
000000000822D8E0
000000000C25FA30
000000000EEBD690
0000000010674E80
0000000010A56770
000000000FCB7B50
000000000E128E40
000000000BC28E10
00000000092EE8C0
0000000006AD78F0
0000000004905E00
00000000031D6780
00000000028ABD20
0000000002FA58A0
0000000004766090
0000000006EF5760
000000000A404140
000000000E2C3250
000000001266B920
000000001699C4B0
000000001A6C81C0
000000001D83ABF0
000000001F907F00
000000002056F8E0
000000001FA905C0
000000001D770150
0000000019C7D1C0
0000000014C01770
000000000E988710
00000000079D71B0
00000000002DFED0
FFFFFFFFF8AF90C0
FFFFFFFFF1891EF0
FFFFFFFFEB1A2600
FFFFFFFFE5B7D430
FFFFFFFFE1A44D10
FFFFFFFFDF08FD90
FFFFFFFFDDFA4EE0
FFFFFFFFDE6F3060
FFFFFFFFE043FF10
FFFFFFFFE3413370
FFFFFFFFE71B92B0
FFFFFFFFEB7EBB60
FFFFFFFFF00E2D30
FFFFFFFFF46EC1B0
FFFFFFFFF84FA310
FFFFFFFFFB6D8EF0
FFFFFFFFFD96D4D0
FFFFFFFFFEB2C0D0
FFFFFFFFFEC0D8A0
FFFFFFFFFDD8A2A0
FFFFFFFFFC29D2E0
FFFFFFFFF9F44F10
FFFFFFFFF7848E00
FFFFFFFFF52F6760
FFFFFFFFF3496020
FFFFFFFFF21DBA60
FFFFFFFFF1ED2990
FFFFFFFFF2E3F070
FFFFFFFFF51A6BB0
FFFFFFFFF88EBC50
FFFFFFFFFD22AF10
0000000002A4E7A0
0000000008CD8800
000000000F447080
0000000015AA8DB0
000000001B9C7FA0
0000000020BBC820
0000000024B336C0
0000000027431B00
00000000284183E0
000000002799E310
0000000025566630
000000002197B8D0
000000001C9C1E30
0000000016AE5290
00000000102A4D00
000000000975D0B0
0000000002F1B5B0
FFFFFFFFFCF9A660
FFFFFFFFF7DD2720
FFFFFFFFF3DA05D0
FFFFFFFFF1142970
FFFFFFFFEF98B180
FFFFFFFFEF5A9890
FFFFFFFFF03484B0
FFFFFFFFF1ED71C0
FFFFFFFFF43D71F0
FFFFFFFFF6D11740
FFFFFFFFF9528710
FFFFFFFFFB6FA200
FFFFFFFFFCE29880
FFFFFFFFFD7542E0
FFFFFFFFFD05A760
FFFFFFFFFB899F70
FFFFFFFFF910A8A0
FFFFFFFFF5BFBEC0
FFFFFFFFF1D3CDB0
FFFFFFFFED9946E0
FFFFFFFFE9663B50
FFFFFFFFE5937E40
FFFFFFFFE27C5410
FFFFFFFFE06F8100
FFFFFFFFDFA90720
FFFFFFFFE056FA40
FFFFFFFFE288FEB0
FFFFFFFFE6382E40
FFFFFFFFEB3FE890
FFFFFFFFF16778F0
FFFFFFFFF8628E50
FFFFFFFFFFD20130
0000000007506F40
000000000E76E110
0000000014E5DA00
000000001A482BD0
000000001E5BB2F0
0000000020F70270
000000002205B120
000000002190CFA0
000000001FBC00F0
000000001CBECC90
0000000018E46D50
00000000148144A0
000000000FF1D2D0
000000000B913E50
0000000007B05CF0
0000000004927110
0000000002692B30
00000000014D3F30
00000000013F2760
0000000002275D60
0000000003D62D20
00000000060BB0F0
00000000087B7200
000000000AD098A0
000000000CB69FE0
000000000DE245A0
000000000E12D670
000000000D1C0F90
000000000AE59450
00000000077143B0
0000000002DD50F0
FFFFFFFFFD5B1860
FFFFFFFFF7327800
FFFFFFFFF0BB8F80
FFFFFFFFEA557250
FFFFFFFFE4638060
FFFFFFFFDF4437E0
FFFFFFFFDB4CC940
FFFFFFFFD8BCE500
FFFFFFFFD7BE7C20
FFFFFFFFD8661CF0
FFFFFFFFDAA999D0
FFFFFFFFDE684730
FFFFFFFFE363E1D0
FFFFFFFFE951AD70
FFFFFFFFEFD5B300
FFFFFFFFF68A2F50
FFFFFFFFFD0E4A50
00000000030659A0
000000000822D8E0
000000000C25FA30
000000000EEBD690
0000000010674E80
0000000010A56770
000000000FCB7B50
000000000E128E40
000000000BC28E10
00000000092EE8C0
0000000006AD78F0
0000000004905E00
00000000031D6780
00000000028ABD20
0000000002FA58A0
0000000004766090
0000000006EF5760
000000000A404140
000000000E2C3250
000000001266B920
000000001699C4B0
000000001A6C81C0
000000001D83ABF0
000000001F907F00
000000002056F8E0
000000001FA905C0
000000001D770150
0000000019C7D1C0
0000000014C01770
000000000E988710
00000000079D71B0
00000000002DFED0
FFFFFFFFF8AF90C0
FFFFFFFFF1891EF0
FFFFFFFFEB1A2600
FFFFFFFFE5B7D430
FFFFFFFFE1A44D10
FFFFFFFFDF08FD90
FFFFFFFFDDFA4EE0
FFFFFFFFDE6F3060
FFFFFFFFE043FF10
FFFFFFFFE3413370
FFFFFFFFE71B92B0
FFFFFFFFEB7EBB60
FFFFFFFFF00E2D30
FFFFFFFFF46EC1B0
FFFFFFFFF84FA310
FFFFFFFFFB6D8EF0
FFFFFFFFFD96D4D0
FFFFFFFFFEB2C0D0
FFFFFFFFFEC0D8A0
FFFFFFFFFDD8A2A0
FFFFFFFFFC29D2E0
FFFFFFFFF9F44F10
FFFFFFFFF7848E00
FFFFFFFFF52F6760
FFFFFFFFF3496020
FFFFFFFFF21DBA60
FFFFFFFFF1ED2990
FFFFFFFFF2E3F070
FFFFFFFFF51A6BB0
FFFFFFFFF88EBC50
FFFFFFFFFD22AF10
0000000002A4E7A0
0000000008CD8800
000000000F447080
0000000015AA8DB0
000000001B9C7FA0
0000000020BBC820
0000000024B336C0
0000000027431B00
00000000284183E0
000000002799E310
0000000025566630
000000002197B8D0
000000001C9C1E30
0000000016AE5290
00000000102A4D00
000000000975D0B0
0000000002F1B5B0
FFFFFFFFFCF9A660
FFFFFFFFF7DD2720
FFFFFFFFF3DA05D0
FFFFFFFFF1142970
FFFFFFFFEF98B180
FFFFFFFFEF5A9890
FFFFFFFFF03484B0
FFFFFFFFF1ED71C0
FFFFFFFFF43D71F0
FFFFFFFFF6D11740
FFFFFFFFF9528710
FFFFFFFFFB6FA200
FFFFFFFFFCE29880
FFFFFFFFFD7542E0
FFFFFFFFFD05A760
FFFFFFFFFB899F70
FFFFFFFFF910A8A0
FFFFFFFFF5BFBEC0
FFFFFFFFF1D3CDB0
FFFFFFFFED9946E0
FFFFFFFFE9663B50
FFFFFFFFE5937E40
FFFFFFFFE27C5410
FFFFFFFFE06F8100
FFFFFFFFDFA90720
FFFFFFFFE056FA40
FFFFFFFFE288FEB0
FFFFFFFFE6382E40
FFFFFFFFEB3FE890
FFFFFFFFF16778F0
FFFFFFFFF8628E50
FFFFFFFFFFD20130
0000000007506F40
000000000E76E110
0000000014E5DA00
000000001A482BD0
000000001E5BB2F0
0000000020F70270
000000002205B120
000000002190CFA0
000000001FBC00F0
000000001CBECC90
0000000018E46D50
00000000148144A0
000000000FF1D2D0
000000000B913E50
0000000007B05CF0
0000000004927110
0000000002692B30
00000000014D3F30
00000000013F2760
0000000002275D60
0000000003D62D20
00000000060BB0F0
00000000087B7200
000000000AD098A0
000000000CB69FE0
000000000DE245A0
000000000E12D670
000000000D1C0F90
000000000AE59450
00000000077143B0
0000000002DD50F0
FFFFFFFFFD5B1860
FFFFFFFFF7327800
FFFFFFFFF0BB8F80
FFFFFFFFEA557250
FFFFFFFFE4638060
FFFFFFFFDF4437E0
FFFFFFFFDB4CC940
FFFFFFFFD8BCE500
FFFFFFFFD7BE7C20
FFFFFFFFD8661CF0
FFFFFFFFDAA999D0
FFFFFFFFDE684730
FFFFFFFFE363E1D0
FFFFFFFFE951AD70
FFFFFFFFEFD5B300
FFFFFFFFF68A2F50
FFFFFFFFFD0E4A50
00000000030659A0
000000000822D8E0
000000000C25FA30
000000000EEBD690
0000000010674E80
0000000010A56770
000000000FCB7B50
000000000E128E40
000000000BC28E10
00000000092EE8C0
0000000006AD78F0
0000000004905E00
00000000031D6780
00000000028ABD20
0000000002FA58A0
0000000004766090
0000000006EF5760
000000000A404140
000000000E2C3250
000000001266B920
000000001699C4B0
000000001A6C81C0
000000001D83ABF0
000000001F907F00
000000002056F8E0
000000001FA905C0
000000001D770150
0000000019C7D1C0
0000000014C01770
000000000E988710
00000000079D71B0
00000000002DFED0
FFFFFFFFF8AF90C0
FFFFFFFFF1891EF0
FFFFFFFFEB1A2600
FFFFFFFFE5B7D430
FFFFFFFFE1A44D10
FFFFFFFFDF08FD90
FFFFFFFFDDFA4EE0
FFFFFFFFDE6F3060
FFFFFFFFE043FF10
FFFFFFFFE3413370
FFFFFFFFE71B92B0
FFFFFFFFEB7EBB60
FFFFFFFFF00E2D30
FFFFFFFFF46EC1B0
FFFFFFFFF84FA310
FFFFFFFFFB6D8EF0
FFFFFFFFFD96D4D0
FFFFFFFFFEB2C0D0
FFFFFFFFFEC0D8A0
FFFFFFFFFDD8A2A0
FFFFFFFFFC29D2E0
FFFFFFFFF9F44F10
FFFFFFFFF7848E00
FFFFFFFFF52F6760
FFFFFFFFF3496020
FFFFFFFFF21DBA60
FFFFFFFFF1ED2990
FFFFFFFFF2E3F070
FFFFFFFFF51A6BB0
FFFFFFFFF88EBC50
FFFFFFFFFD22AF10
0000000002A4E7A0
0000000008CD8800
000000000F447080
0000000015AA8DB0
000000001B9C7FA0
0000000020BBC820
0000000024B336C0
0000000027431B00
00000000284183E0
000000002799E310
0000000025566630
000000002197B8D0
000000001C9C1E30
0000000016AE5290
00000000102A4D00
000000000975D0B0
0000000002F1B5B0
FFFFFFFFFCF9A660
FFFFFFFFF7DD2720
FFFFFFFFF3DA05D0
FFFFFFFFF1142970
FFFFFFFFEF98B180
FFFFFFFFEF5A9890
FFFFFFFFF03484B0
FFFFFFFFF1ED71C0
FFFFFFFFF43D71F0
FFFFFFFFF6D11740
FFFFFFFFF9528710
FFFFFFFFFB6FA200
FFFFFFFFFCE29880
FFFFFFFFFD7542E0
FFFFFFFFFD05A760
FFFFFFFFFB899F70
FFFFFFFFF910A8A0
FFFFFFFFF5BFBEC0
FFFFFFFFF1D3CDB0
FFFFFFFFED9946E0
FFFFFFFFE9663B50
FFFFFFFFE5937E40
FFFFFFFFE27C5410
FFFFFFFFE06F8100
FFFFFFFFDFA90720
FFFFFFFFE056FA40
FFFFFFFFE288FEB0
FFFFFFFFE6382E40
FFFFFFFFEB3FE890
FFFFFFFFF16778F0
FFFFFFFFF8628E50
FFFFFFFFFFD20130
0000000007506F40
000000000E76E110
0000000014E5DA00
000000001A482BD0
000000001E5BB2F0
0000000020F70270
000000002205B120
000000002190CFA0
000000001FBC00F0
000000001CBECC90
0000000018E46D50
00000000148144A0
000000000FF1D2D0
000000000B913E50
0000000007B05CF0
0000000004927110
0000000002692B30
00000000014D3F30
00000000013F2760
0000000002275D60
0000000003D62D20
00000000060BB0F0
00000000087B7200
000000000AD098A0
000000000CB69FE0
000000000DE245A0
000000000E12D670
000000000D1C0F90
000000000AE59450
00000000077143B0
0000000002DD50F0
FFFFFFFFFD5B1860
FFFFFFFFF7327800
FFFFFFFFF0BB8F80
FFFFFFFFEA557250
FFFFFFFFE4638060
FFFFFFFFDF4437E0
FFFFFFFFDB4CC940
FFFFFFFFD8BCE500
FFFFFFFFD7BE7C20
FFFFFFFFD8661CF0
FFFFFFFFDAA999D0
FFFFFFFFDE684730
FFFFFFFFE363E1D0
FFFFFFFFE951AD70
FFFFFFFFEFD5B300
FFFFFFFFF68A2F50
FFFFFFFFFD0E4A50
00000000030659A0
000000000822D8E0
000000000C25FA30
000000000EEBD690
0000000010674E80
0000000010A56770
000000000FCB7B50
000000000E128E40
000000000BC28E10
00000000092EE8C0
0000000006AD78F0
0000000004905E00
00000000031D6780
00000000028ABD20
0000000002FA58A0
0000000004766090
0000000006EF5760
000000000A404140
000000000E2C3250
000000001266B920
000000001699C4B0
000000001A6C81C0
000000001D83ABF0
000000001F907F00
000000002056F8E0
000000001FA905C0
000000001D770150
0000000019C7D1C0
0000000014C01770
000000000E988710
00000000079D71B0
00000000002DFED0
FFFFFFFFF8AF90C0
FFFFFFFFF1891EF0
FFFFFFFFEB1A2600
FFFFFFFFE5B7D430
FFFFFFFFE1A44D10
FFFFFFFFDF08FD90
FFFFFFFFDDFA4EE0
FFFFFFFFDE6F3060
FFFFFFFFE043FF10
FFFFFFFFE3413370
FFFFFFFFE71B92B0
FFFFFFFFEB7EBB60
FFFFFFFFF00E2D30
FFFFFFFFF46EC1B0
FFFFFFFFF84FA310
FFFFFFFFFB6D8EF0
FFFFFFFFFD96D4D0
FFFFFFFFFEB2C0D0
FFFFFFFFFEC0D8A0
FFFFFFFFFDD8A2A0
FFFFFFFFFC29D2E0
FFFFFFFFF9F44F10
FFFFFFFFF7848E00
FFFFFFFFF52F6760
FFFFFFFFF3496020
FFFFFFFFF21DBA60
FFFFFFFFF1ED2990
FFFFFFFFF2E3F070
FFFFFFFFF51A6BB0
FFFFFFFFF88EBC50
FFFFFFFFFD22AF10
0000000002A4E7A0
0000000008CD8800
000000000F447080
0000000015AA8DB0
000000001B9C7FA0
0000000020BBC820
0000000024B336C0
0000000027431B00
00000000284183E0
000000002799E310
0000000025566630
000000002197B8D0
000000001C9C1E30
0000000016AE5290
00000000102A4D00
000000000975D0B0
0000000002F1B5B0
FFFFFFFFFCF9A660
FFFFFFFFF7DD2720
FFFFFFFFF3DA05D0
FFFFFFFFF1142970
FFFFFFFFEF98B180
FFFFFFFFEF5A9890
FFFFFFFFF03484B0
FFFFFFFFF1ED71C0
FFFFFFFFF43D71F0
FFFFFFFFF6D11740
FFFFFFFFF9528710
FFFFFFFFFB6FA200
FFFFFFFFFCE29880
FFFFFFFFFD7542E0
FFFFFFFFFD05A760
FFFFFFFFFB899F70
FFFFFFFFF910A8A0
FFFFFFFFF5BFBEC0
FFFFFFFFF1D3CDB0
FFFFFFFFED9946E0
FFFFFFFFE9663B50
FFFFFFFFE5937E40
FFFFFFFFE27C5410
FFFFFFFFE06F8100
FFFFFFFFDFA90720
FFFFFFFFE056FA40
FFFFFFFFE288FEB0
FFFFFFFFE6382E40
FFFFFFFFEB3FE890
FFFFFFFFF16778F0
FFFFFFFFF8628E50
FFFFFFFFFFD20130
0000000007506F40
000000000E76E110
0000000014E5DA00
000000001A482BD0
000000001E5BB2F0
0000000020F70270
000000002205B120
000000002190CFA0
000000001FBC00F0
000000001CBECC90
0000000018E46D50
00000000148144A0
000000000FF1D2D0
000000000B913E50
0000000007B05CF0
0000000004927110
0000000002692B30
00000000014D3F30
00000000013F2760
0000000002275D60
0000000003D62D20
00000000060BB0F0
00000000087B7200
000000000AD098A0
000000000CB69FE0
000000000DE245A0
000000000E12D670
000000000D1C0F90
000000000AE59450
00000000077143B0
0000000002DD50F0
FFFFFFFFFD5B1860
FFFFFFFFF7327800
FFFFFFFFF0BB8F80
FFFFFFFFEA557250
FFFFFFFFE4638060
FFFFFFFFDF4437E0
FFFFFFFFDB4CC940
FFFFFFFFD8BCE500
FFFFFFFFD7BE7C20
FFFFFFFFD8661CF0
FFFFFFFFDAA999D0
FFFFFFFFDE684730
FFFFFFFFE363E1D0
FFFFFFFFE951AD70
FFFFFFFFEFD5B300
FFFFFFFFF68A2F50
FFFFFFFFFD0E4A50
00000000030659A0
000000000822D8E0
000000000C25FA30
000000000EEBD690
0000000010674E80
0000000010A56770
000000000FCB7B50
000000000E128E40
000000000BC28E10
00000000092EE8C0
0000000006AD78F0
0000000004905E00
00000000031D6780
00000000028ABD20
0000000002FA58A0
0000000004766090
0000000006EF5760
000000000A404140
000000000E2C3250
000000001266B920
000000001699C4B0
000000001A6C81C0
000000001D83ABF0
000000001F907F00
000000002056F8E0
000000001FA905C0
000000001D770150
0000000019C7D1C0
0000000014C01770
000000000E988710
00000000079D71B0
00000000002DFED0
FFFFFFFFF8AF90C0
FFFFFFFFF1891EF0
FFFFFFFFEB1A2600
FFFFFFFFE5B7D430
FFFFFFFFE1A44D10
FFFFFFFFDF08FD90
FFFFFFFFDDFA4EE0
FFFFFFFFDE6F3060
FFFFFFFFE043FF10
FFFFFFFFE3413370
FFFFFFFFE71B92B0
FFFFFFFFEB7EBB60
FFFFFFFFF00E2D30
FFFFFFFFF46EC1B0
FFFFFFFFF84FA310
FFFFFFFFFB6D8EF0
FFFFFFFFFD96D4D0
FFFFFFFFFEB2C0D0
FFFFFFFFFEC0D8A0
FFFFFFFFFDD8A2A0
FFFFFFFFFC29D2E0
FFFFFFFFF9F44F10
FFFFFFFFF7848E00
FFFFFFFFF52F6760
FFFFFFFFF3496020
FFFFFFFFF21DBA60
FFFFFFFFF1ED2990
FFFFFFFFF2E3F070
FFFFFFFFF51A6BB0
FFFFFFFFF88EBC50
FFFFFFFFFD22AF10
0000000002A4E7A0
0000000008CD8800
000000000F447080
0000000015AA8DB0
000000001B9C7FA0
0000000020BBC820
0000000024B336C0
0000000027431B00
00000000284183E0
000000002799E310
0000000025566630
000000002197B8D0
000000001C9C1E30
0000000016AE5290
00000000102A4D00
000000000975D0B0
0000000002F1B5B0
FFFFFFFFFCF9A660
FFFFFFFFF7DD2720
FFFFFFFFF3DA05D0
FFFFFFFFF1142970
FFFFFFFFEF98B180
FFFFFFFFEF5A9890
FFFFFFFFF03484B0
FFFFFFFFF1ED71C0
FFFFFFFFF43D71F0
FFFFFFFFF6D11740
FFFFFFFFF9528710
FFFFFFFFFB6FA200
FFFFFFFFFCE29880
FFFFFFFFFD7542E0
FFFFFFFFFD05A760
FFFFFFFFFB899F70
FFFFFFFFF910A8A0
FFFFFFFFF5BFBEC0
FFFFFFFFF1D3CDB0
FFFFFFFFED9946E0
FFFFFFFFE9663B50
FFFFFFFFE5937E40
FFFFFFFFE27C5410
FFFFFFFFE06F8100
FFFFFFFFDFA90720
FFFFFFFFE056FA40
FFFFFFFFE288FEB0
FFFFFFFFE6382E40
FFFFFFFFEB3FE890
FFFFFFFFF16778F0
FFFFFFFFF8628E50
FFFFFFFFFFD20130
0000000007506F40
000000000E76E110
0000000014E5DA00
000000001A482BD0
000000001E5BB2F0
0000000020F70270
000000002205B120
000000002190CFA0
000000001FBC00F0
000000001CBECC90
0000000018E46D50
00000000148144A0
000000000FF1D2D0
000000000B913E50
0000000007B05CF0
0000000004927110
0000000002692B30
00000000014D3F30
00000000013F2760
0000000002275D60
0000000003D62D20
00000000060BB0F0
00000000087B7200
000000000AD098A0
000000000CB69FE0
000000000DE245A0
000000000E12D670
000000000D1C0F90
000000000AE59450
00000000077143B0
0000000002DD50F0
FFFFFFFFFD5B1860
FFFFFFFFF7327800
FFFFFFFFF0BB8F80
FFFFFFFFEA557250
FFFFFFFFE4638060
FFFFFFFFDF4437E0
FFFFFFFFDB4CC940
FFFFFFFFD8BCE500
FFFFFFFFD7BE7C20
FFFFFFFFD8661CF0
FFFFFFFFDAA999D0
FFFFFFFFDE684730
FFFFFFFFE363E1D0
FFFFFFFFE951AD70
FFFFFFFFEFD5B300
FFFFFFFFF68A2F50
FFFFFFFFFD0E4A50
00000000030659A0
000000000822D8E0
000000000C25FA30
000000000EEBD690
0000000010674E80
0000000010A56770
000000000FCB7B50
000000000E128E40
000000000BC28E10
00000000092EE8C0
0000000006AD78F0
0000000004905E00
00000000031D6780
00000000028ABD20
0000000002FA58A0
0000000004766090
0000000006EF5760
000000000A404140
000000000E2C3250
000000001266B920
000000001699C4B0
000000001A6C81C0
000000001D83ABF0
000000001F907F00
000000002056F8E0
000000001FA905C0
000000001D770150
0000000019C7D1C0
0000000014C01770
000000000E988710
00000000079D71B0
00000000002DFED0
FFFFFFFFF8AF90C0
FFFFFFFFF1891EF0
FFFFFFFFEB1A2600
FFFFFFFFE5B7D430
FFFFFFFFE1A44D10
FFFFFFFFDF08FD90
FFFFFFFFDDFA4EE0
FFFFFFFFDE6F3060
FFFFFFFFE043FF10
FFFFFFFFE3413370
FFFFFFFFE71B92B0
FFFFFFFFEB7EBB60
FFFFFFFFF00E2D30
FFFFFFFFF46EC1B0
FFFFFFFFF84FA310
FFFFFFFFFB6D8EF0
FFFFFFFFFD96D4D0
FFFFFFFFFEB2C0D0
FFFFFFFFFEC0D8A0
FFFFFFFFFDD8A2A0
FFFFFFFFFC29D2E0
FFFFFFFFF9F44F10
FFFFFFFFF7848E00
FFFFFFFFF52F6760
FFFFFFFFF3496020
FFFFFFFFF21DBA60
FFFFFFFFF1ED2990
FFFFFFFFF2E3F070
FFFFFFFFF51A6BB0
FFFFFFFFF88EBC50
FFFFFFFFFD22AF10
0000000002A4E7A0
0000000008CD8800
000000000F447080
0000000015AA8DB0
000000001B9C7FA0
0000000020BBC820
0000000024B336C0
0000000027431B00
00000000284183E0
000000002799E310
0000000025566630
000000002197B8D0
000000001C9C1E30
0000000016AE5290
00000000102A4D00
000000000975D0B0
0000000002F1B5B0
FFFFFFFFFCF9A660
FFFFFFFFF7DD2720
FFFFFFFFF3DA05D0
FFFFFFFFF1142970
FFFFFFFFEF98B180
FFFFFFFFEF5A9890
FFFFFFFFF03484B0
FFFFFFFFF1ED71C0
FFFFFFFFF43D71F0
FFFFFFFFF6D11740
FFFFFFFFF9528710
FFFFFFFFFB6FA200
FFFFFFFFFCE29880
FFFFFFFFFD7542E0
FFFFFFFFFD05A760
FFFFFFFFFB899F70
FFFFFFFFF910A8A0
FFFFFFFFF5BFBEC0
FFFFFFFFF1D3CDB0
FFFFFFFFED9946E0
FFFFFFFFE9663B50
FFFFFFFFE5937E40
FFFFFFFFE27C5410
FFFFFFFFE06F8100
FFFFFFFFDFA90720
FFFFFFFFE056FA40
FFFFFFFFE288FEB0
FFFFFFFFE6382E40
FFFFFFFFEB3FE890
FFFFFFFFF16778F0
FFFFFFFFF8628E50
FFFFFFFFFFD20130
0000000007506F40
000000000E76E110
0000000014E5DA00
000000001A482BD0
000000001E5BB2F0
0000000020F70270
000000002205B120
000000002190CFA0
000000001FBC00F0
000000001CBECC90
0000000018E46D50
00000000148144A0
000000000FF1D2D0
000000000B913E50
0000000007B05CF0
0000000004927110
0000000002692B30
00000000014D3F30
00000000013F2760
0000000002275D60
0000000003D62D20
00000000060BB0F0
00000000087B7200
000000000AD098A0
000000000CB69FE0
000000000DE245A0
000000000E12D670
000000000D1C0F90
000000000AE59450
00000000077143B0
0000000002DD50F0
FFFFFFFFFD5B1860
FFFFFFFFF7327800
FFFFFFFFF0BB8F80
FFFFFFFFEA557250
FFFFFFFFE4638060
FFFFFFFFDF4437E0
FFFFFFFFDB4CC940
FFFFFFFFD8BCE500
FFFFFFFFD7BE7C20
FFFFFFFFD8661CF0
FFFFFFFFDAA999D0
FFFFFFFFDE684730
FFFFFFFFE363E1D0
FFFFFFFFE951AD70
FFFFFFFFEFD5B300
FFFFFFFFF68A2F50
FFFFFFFFFD0E4A50
00000000030659A0
000000000822D8E0
000000000C25FA30
000000000EEBD690
0000000010674E80
0000000010A56770
000000000FCB7B50
000000000E128E40
000000000BC28E10
00000000092EE8C0
0000000006AD78F0
0000000004905E00
00000000031D6780
00000000028ABD20
0000000002FA58A0
0000000004766090
0000000006EF5760
000000000A404140
000000000E2C3250
000000001266B920
000000001699C4B0
000000001A6C81C0
000000001D83ABF0
000000001F907F00
000000002056F8E0
000000001FA905C0
000000001D770150
0000000019C7D1C0
0000000014C01770
000000000E988710
00000000079D71B0
00000000002DFED0
FFFFFFFFF8AF90C0
FFFFFFFFF1891EF0
FFFFFFFFEB1A2600
FFFFFFFFE5B7D430
FFFFFFFFE1A44D10
FFFFFFFFDF08FD90
FFFFFFFFDDFA4EE0
FFFFFFFFDE6F3060
FFFFFFFFE043FF10
FFFFFFFFE3413370
FFFFFFFFE71B92B0
FFFFFFFFEB7EBB60
FFFFFFFFF00E2D30
FFFFFFFFF46EC1B0
FFFFFFFFF84FA310
FFFFFFFFFB6D8EF0
FFFFFFFFFD96D4D0
FFFFFFFFFEB2C0D0
FFFFFFFFFEC0D8A0
FFFFFFFFFDD8A2A0
FFFFFFFFFC29D2E0
FFFFFFFFF9F44F10
FFFFFFFFF7848E00
FFFFFFFFF52F6760
FFFFFFFFF3496020
FFFFFFFFF21DBA60
FFFFFFFFF1ED2990
FFFFFFFFF2E3F070
FFFFFFFFF51A6BB0
FFFFFFFFF88EBC50
FFFFFFFFFD22AF10
0000000002A4E7A0
0000000008CD8800
000000000F447080
0000000015AA8DB0
000000001B9C7FA0
0000000020BBC820
0000000024B336C0
0000000027431B00
00000000284183E0
000000002799E310
0000000025566630
000000002197B8D0
000000001C9C1E30
0000000016AE5290
00000000102A4D00
000000000975D0B0
0000000002F1B5B0
FFFFFFFFFCF9A660
FFFFFFFFF7DD2720
FFFFFFFFF3DA05D0
FFFFFFFFF1142970
FFFFFFFFEF98B180
FFFFFFFFEF5A9890
FFFFFFFFF03484B0
FFFFFFFFF1ED71C0
FFFFFFFFF43D71F0
FFFFFFFFF6D11740
FFFFFFFFF9528710
FFFFFFFFFB6FA200
FFFFFFFFFCE29880
FFFFFFFFFD7542E0
FFFFFFFFFD05A760
FFFFFFFFFB899F70
FFFFFFFFF910A8A0
FFFFFFFFF5BFBEC0
FFFFFFFFF1D3CDB0
FFFFFFFFED9946E0
FFFFFFFFE9663B50
FFFFFFFFE5937E40
FFFFFFFFE27C5410
FFFFFFFFE06F8100
FFFFFFFFDFA90720
FFFFFFFFE056FA40
FFFFFFFFE288FEB0
FFFFFFFFE6382E40
FFFFFFFFEB3FE890
FFFFFFFFF16778F0
FFFFFFFFF8628E50
FFFFFFFFFFD20130
0000000007506F40
000000000E76E110
0000000014E5DA00
000000001A482BD0
000000001E5BB2F0
0000000020F70270
000000002205B120
000000002190CFA0
000000001FBC00F0
000000001CBECC90
0000000018E46D50
00000000148144A0
000000000FF1D2D0
000000000B913E50
0000000007B05CF0
0000000004927110
0000000002692B30
00000000014D3F30
00000000013F2760
0000000002275D60
0000000003D62D20
00000000060BB0F0
00000000087B7200
000000000AD098A0
000000000CB69FE0
000000000DE245A0
000000000E12D670
000000000D1C0F90
000000000AE59450
00000000077143B0
0000000002DD50F0
FFFFFFFFFD5B1860
FFFFFFFFF7327800
FFFFFFFFF0BB8F80
FFFFFFFFEA557250
FFFFFFFFE4638060
FFFFFFFFDF4437E0
FFFFFFFFDB4CC940
FFFFFFFFD8BCE500
FFFFFFFFD7BE7C20
FFFFFFFFD8661CF0
FFFFFFFFDAA999D0
FFFFFFFFDE684730
FFFFFFFFE363E1D0
FFFFFFFFE951AD70
FFFFFFFFEFD5B300
FFFFFFFFF68A2F50
FFFFFFFFFD0E4A50
00000000030659A0
000000000822D8E0
000000000C25FA30
000000000EEBD690
0000000010674E80
0000000010A56770
000000000FCB7B50
000000000E128E40
000000000BC28E10
00000000092EE8C0
0000000006AD78F0
0000000004905E00
00000000031D6780
00000000028ABD20
0000000002FA58A0
0000000004766090
0000000006EF5760
000000000A404140
000000000E2C3250
000000001266B920
000000001699C4B0
000000001A6C81C0
000000001D83ABF0
000000001F907F00
000000002056F8E0
000000001FA905C0
000000001D770150
0000000019C7D1C0
0000000014C01770
000000000E988710
00000000079D71B0
00000000002DFED0
FFFFFFFFF8AF90C0
FFFFFFFFF1891EF0
FFFFFFFFEB1A2600
FFFFFFFFE5B7D430
FFFFFFFFE1A44D10
FFFFFFFFDF08FD90
FFFFFFFFDDFA4EE0
FFFFFFFFDE6F3060
FFFFFFFFE043FF10
FFFFFFFFE3413370
FFFFFFFFE71B92B0
FFFFFFFFEB7EBB60
FFFFFFFFF00E2D30
FFFFFFFFF46EC1B0
FFFFFFFFF84FA310
FFFFFFFFFB6D8EF0
FFFFFFFFFD96D4D0
FFFFFFFFFEB2C0D0
FFFFFFFFFEC0D8A0
FFFFFFFFFDD8A2A0
FFFFFFFFFC29D2E0
FFFFFFFFF9F44F10
FFFFFFFFF7848E00
FFFFFFFFF52F6760
FFFFFFFFF3496020
FFFFFFFFF21DBA60
FFFFFFFFF1ED2990
FFFFFFFFF2E3F070
FFFFFFFFF51A6BB0
FFFFFFFFF88EBC50
FFFFFFFFFD22AF10
0000000002A4E7A0
0000000008CD8800
000000000F447080
0000000015AA8DB0
000000001B9C7FA0
0000000020BBC820
0000000024B336C0
0000000027431B00
00000000284183E0
000000002799E310
0000000025566630
000000002197B8D0
000000001C9C1E30
0000000016AE5290
00000000102A4D00
000000000975D0B0
0000000002F1B5B0
FFFFFFFFFCF9A660
FFFFFFFFF7DD2720
FFFFFFFFF3DA05D0
FFFFFFFFF1142970
FFFFFFFFEF98B180
FFFFFFFFEF5A9890
FFFFFFFFF03484B0
FFFFFFFFF1ED71C0
FFFFFFFFF43D71F0
FFFFFFFFF6D11740
FFFFFFFFF9528710
FFFFFFFFFB6FA200
FFFFFFFFFCE29880
FFFFFFFFFD7542E0
FFFFFFFFFD05A760
FFFFFFFFFB899F70
FFFFFFFFF910A8A0
FFFFFFFFF5BFBEC0
FFFFFFFFF1D3CDB0
FFFFFFFFED9946E0
FFFFFFFFE9663B50
FFFFFFFFE5937E40
FFFFFFFFE27C5410
FFFFFFFFE06F8100
FFFFFFFFDFA90720
FFFFFFFFE056FA40
FFFFFFFFE288FEB0
FFFFFFFFE6382E40
FFFFFFFFEB3FE890
FFFFFFFFF16778F0
FFFFFFFFF8628E50
FFFFFFFFFFD20130
0000000007506F40
000000000E76E110
0000000014E5DA00
000000001A482BD0
000000001E5BB2F0
0000000020F70270
000000002205B120
000000002190CFA0
000000001FBC00F0
000000001CBECC90
0000000018E46D50
00000000148144A0
000000000FF1D2D0
000000000B913E50
0000000007B05CF0
0000000004927110
0000000002692B30
00000000014D3F30
00000000013F2760
0000000002275D60
0000000003D62D20
00000000060BB0F0
00000000087B7200
000000000AD098A0
000000000CB69FE0
000000000DE245A0
000000000E12D670
000000000D1C0F90
000000000AE59450
00000000077143B0
0000000002DD50F0
FFFFFFFFFD5B1860
FFFFFFFFF7327800
FFFFFFFFF0BB8F80
FFFFFFFFEA557250
FFFFFFFFE4638060
FFFFFFFFDF4437E0
FFFFFFFFDB4CC940
FFFFFFFFD8BCE500
FFFFFFFFD7BE7C20
FFFFFFFFD8661CF0
FFFFFFFFDAA999D0
FFFFFFFFDE684730
FFFFFFFFE363E1D0
FFFFFFFFE951AD70
FFFFFFFFEFD5B300
FFFFFFFFF68A2F50
FFFFFFFFFD0E4A50
00000000030659A0
000000000822D8E0
000000000C25FA30
000000000EEBD690
0000000010674E80
0000000010A56770
000000000FCB7B50
000000000E128E40
000000000BC28E10
00000000092EE8C0
0000000006AD78F0
0000000004905E00
00000000031D6780
00000000028ABD20
0000000002FA58A0
0000000004766090
0000000006EF5760
000000000A404140
000000000E2C3250
000000001266B920
000000001699C4B0
000000001A6C81C0
000000001D83ABF0
000000001F907F00
000000002056F8E0
000000001FA905C0
000000001D770150
0000000019C7D1C0
0000000014C01770
000000000E988710
00000000079D71B0
00000000002DFED0
FFFFFFFFF8AF90C0
FFFFFFFFF1891EF0
FFFFFFFFEB1A2600
FFFFFFFFE5B7D430
FFFFFFFFE1A44D10
FFFFFFFFDF08FD90
FFFFFFFFDDFA4EE0
FFFFFFFFDE6F3060
FFFFFFFFE043FF10
FFFFFFFFE3413370
FFFFFFFFE71B92B0
FFFFFFFFEB7EBB60
FFFFFFFFF00E2D30
FFFFFFFFF46EC1B0
FFFFFFFFF84FA310
FFFFFFFFFB6D8EF0
FFFFFFFFFD96D4D0
FFFFFFFFFEB2C0D0
FFFFFFFFFEC0D8A0
FFFFFFFFFDD8A2A0
FFFFFFFFFC29D2E0
FFFFFFFFF9F44F10
FFFFFFFFF7848E00
FFFFFFFFF52F6760
FFFFFFFFF3496020
FFFFFFFFF21DBA60
FFFFFFFFF1ED2990
FFFFFFFFF2E3F070
FFFFFFFFF51A6BB0
FFFFFFFFF88EBC50
FFFFFFFFFD22AF10
0000000002A4E7A0
0000000008CD8800
000000000F447080
0000000015AA8DB0
000000001B9C7FA0
0000000020BBC820
0000000024B336C0
0000000027431B00
00000000284183E0
000000002799E310
0000000025566630
000000002197B8D0
000000001C9C1E30
0000000016AE5290
00000000102A4D00
000000000975D0B0
0000000002F1B5B0
FFFFFFFFFCF9A660
FFFFFFFFF7DD2720
FFFFFFFFF3DA05D0
FFFFFFFFF1142970
FFFFFFFFEF98B180
FFFFFFFFEF5A9890
FFFFFFFFF03484B0
FFFFFFFFF1ED71C0
FFFFFFFFF43D71F0
FFFFFFFFF6D11740
FFFFFFFFF9528710
FFFFFFFFFB6FA200
FFFFFFFFFCE29880
FFFFFFFFFD7542E0
FFFFFFFFFD05A760
FFFFFFFFFB899F70
FFFFFFFFF910A8A0
FFFFFFFFF5BFBEC0
FFFFFFFFF1D3CDB0
FFFFFFFFED9946E0
FFFFFFFFE9663B50
FFFFFFFFE5937E40
FFFFFFFFE27C5410
FFFFFFFFE06F8100
FFFFFFFFDFA90720
FFFFFFFFE056FA40
FFFFFFFFE288FEB0
FFFFFFFFE6382E40
FFFFFFFFEB3FE890
FFFFFFFFF16778F0
FFFFFFFFF8628E50
FFFFFFFFFFD20130
0000000007506F40
000000000E76E110
0000000014E5DA00
000000001A482BD0
000000001E5BB2F0
0000000020F70270
000000002205B120
000000002190CFA0
000000001FBC00F0
000000001CBECC90
0000000018E46D50
00000000148144A0
000000000FF1D2D0
000000000B913E50
0000000007B05CF0
0000000004927110
0000000002692B30
00000000014D3F30
00000000013F2760
0000000002275D60
0000000003D62D20
00000000060BB0F0
00000000087B7200
000000000AD098A0
000000000CB69FE0
000000000DE245A0
000000000E12D670
000000000D1C0F90
000000000AE59450
00000000077143B0
0000000002DD50F0
FFFFFFFFFD5B1860
FFFFFFFFF7327800
FFFFFFFFF0BB8F80
FFFFFFFFEA557250
FFFFFFFFE4638060
FFFFFFFFDF4437E0
FFFFFFFFDB4CC940
FFFFFFFFD8BCE500
FFFFFFFFD7BE7C20
FFFFFFFFD8661CF0
FFFFFFFFDAA999D0
FFFFFFFFDE684730
FFFFFFFFE363E1D0
FFFFFFFFE951AD70
FFFFFFFFEFD5B300
FFFFFFFFF68A2F50
FFFFFFFFFD0E4A50
00000000030659A0
000000000822D8E0
000000000C25FA30
000000000EEBD690
0000000010674E80
0000000010A56770
000000000FCB7B50
000000000E128E40
000000000BC28E10
00000000092EE8C0
0000000006AD78F0
0000000004905E00
00000000031D6780
00000000028ABD20
0000000002FA58A0
0000000004766090
0000000006EF5760
000000000A404140
000000000E2C3250
000000001266B920
000000001699C4B0
000000001A6C81C0
000000001D83ABF0
000000001F907F00
000000002056F8E0
000000001FA905C0
000000001D770150
0000000019C7D1C0
0000000014C01770
000000000E988710
00000000079D71B0
00000000002DFED0
FFFFFFFFF8AF90C0
FFFFFFFFF1891EF0
FFFFFFFFEB1A2600
FFFFFFFFE5B7D430
FFFFFFFFE1A44D10
FFFFFFFFDF08FD90
FFFFFFFFDDFA4EE0
FFFFFFFFDE6F3060
FFFFFFFFE043FF10
FFFFFFFFE3413370
FFFFFFFFE71B92B0
FFFFFFFFEB7EBB60
FFFFFFFFF00E2D30
FFFFFFFFF46EC1B0
FFFFFFFFF84FA310
FFFFFFFFFB6D8EF0
FFFFFFFFFD96D4D0
FFFFFFFFFEB2C0D0
FFFFFFFFFEC0D8A0
FFFFFFFFFDD8A2A0
FFFFFFFFFC29D2E0
FFFFFFFFF9F44F10
FFFFFFFFF7848E00
FFFFFFFFF52F6760
FFFFFFFFF3496020
FFFFFFFFF21DBA60
FFFFFFFFF1ED2990
FFFFFFFFF2E3F070
FFFFFFFFF51A6BB0
FFFFFFFFF88EBC50
FFFFFFFFFD22AF10
0000000002A4E7A0
0000000008CD8800
000000000F447080
0000000015AA8DB0
000000001B9C7FA0
0000000020BBC820
0000000024B336C0
0000000027431B00
00000000284183E0
000000002799E310
0000000025566630
000000002197B8D0
000000001C9C1E30
0000000016AE5290
00000000102A4D00
000000000975D0B0
0000000002F1B5B0
FFFFFFFFFCF9A660
FFFFFFFFF7DD2720
FFFFFFFFF3DA05D0
FFFFFFFFF1142970
FFFFFFFFEF98B180
FFFFFFFFEF5A9890
FFFFFFFFF03484B0
FFFFFFFFF1ED71C0
FFFFFFFFF43D71F0
FFFFFFFFF6D11740
FFFFFFFFF9528710
FFFFFFFFFB6FA200
FFFFFFFFFCE29880
FFFFFFFFFD7542E0
FFFFFFFFFD05A760
FFFFFFFFFB899F70
FFFFFFFFF910A8A0
FFFFFFFFF5BFBEC0
FFFFFFFFF1D3CDB0
FFFFFFFFED9946E0
FFFFFFFFE9663B50
FFFFFFFFE5937E40
FFFFFFFFE27C5410
FFFFFFFFE06F8100
FFFFFFFFDFA90720
FFFFFFFFE056FA40
FFFFFFFFE288FEB0
FFFFFFFFE6382E40
FFFFFFFFEB3FE890
FFFFFFFFF16778F0
FFFFFFFFF8628E50
FFFFFFFFFFD20130
0000000007506F40
000000000E76E110
0000000014E5DA00
000000001A482BD0
000000001E5BB2F0
0000000020F70270
000000002205B120
000000002190CFA0
000000001FBC00F0
000000001CBECC90
0000000018E46D50
00000000148144A0
000000000FF1D2D0
000000000B913E50
0000000007B05CF0
0000000004927110
0000000002692B30
00000000014D3F30
00000000013F2760
0000000002275D60
0000000003D62D20
00000000060BB0F0
00000000087B7200
000000000AD098A0
000000000CB69FE0
000000000DE245A0
000000000E12D670
000000000D1C0F90
000000000AE59450
00000000077143B0
0000000002DD50F0
FFFFFFFFFD5B1860
FFFFFFFFF7327800
FFFFFFFFF0BB8F80
FFFFFFFFEA557250
FFFFFFFFE4638060
FFFFFFFFDF4437E0
FFFFFFFFDB4CC940
FFFFFFFFD8BCE500
FFFFFFFFD7BE7C20
FFFFFFFFD8661CF0
FFFFFFFFDAA999D0
FFFFFFFFDE684730
FFFFFFFFE363E1D0
FFFFFFFFE951AD70
FFFFFFFFEFD5B300
FFFFFFFFF68A2F50
FFFFFFFFFD0E4A50
00000000030659A0
000000000822D8E0
000000000C25FA30
000000000EEBD690
0000000010674E80
0000000010A56770
000000000FCB7B50
000000000E128E40
000000000BC28E10
00000000092EE8C0
0000000006AD78F0
0000000004905E00
00000000031D6780
00000000028ABD20
0000000002FA58A0
0000000004766090
0000000006EF5760
000000000A404140
000000000E2C3250
000000001266B920
000000001699C4B0
000000001A6C81C0
000000001D83ABF0
000000001F907F00
000000002056F8E0
000000001FA905C0
000000001D770150
0000000019C7D1C0
0000000014C01770
000000000E988710
00000000079D71B0
00000000002DFED0
FFFFFFFFF8AF90C0
FFFFFFFFF1891EF0
FFFFFFFFEB1A2600
FFFFFFFFE5B7D430
FFFFFFFFE1A44D10
FFFFFFFFDF08FD90
FFFFFFFFDDFA4EE0
FFFFFFFFDE6F3060
FFFFFFFFE043FF10
FFFFFFFFE3413370
FFFFFFFFE71B92B0
FFFFFFFFEB7EBB60
FFFFFFFFF00E2D30
FFFFFFFFF46EC1B0
FFFFFFFFF84FA310
FFFFFFFFFB6D8EF0
FFFFFFFFFD96D4D0
FFFFFFFFFEB2C0D0
FFFFFFFFFEC0D8A0
FFFFFFFFFDD8A2A0
FFFFFFFFFC29D2E0
FFFFFFFFF9F44F10
FFFFFFFFF7848E00
FFFFFFFFF52F6760
FFFFFFFFF3496020
FFFFFFFFF21DBA60
FFFFFFFFF1ED2990
FFFFFFFFF2E3F070
FFFFFFFFF51A6BB0
FFFFFFFFF88EBC50
FFFFFFFFFD22AF10
0000000002A4E7A0
0000000008CD8800
000000000F447080
0000000015AA8DB0
000000001B9C7FA0
0000000020BBC820
0000000024B336C0
0000000027431B00
00000000284183E0
000000002799E310
0000000025566630
000000002197B8D0
000000001C9C1E30
0000000016AE5290
00000000102A4D00
000000000975D0B0
0000000002F1B5B0
FFFFFFFFFCF9A660
FFFFFFFFF7DD2720
FFFFFFFFF3DA05D0
FFFFFFFFF1142970
FFFFFFFFEF98B180
FFFFFFFFEF5A9890
FFFFFFFFF03484B0
FFFFFFFFF1ED71C0
FFFFFFFFF43D71F0
FFFFFFFFF6D11740
FFFFFFFFF9528710
FFFFFFFFFB6FA200
FFFFFFFFFCE29880
FFFFFFFFFD7542E0
FFFFFFFFFD05A760
FFFFFFFFFB899F70
FFFFFFFFF910A8A0
FFFFFFFFF5BFBEC0
FFFFFFFFF1D3CDB0
FFFFFFFFED9946E0
FFFFFFFFE9663B50
FFFFFFFFE5937E40
FFFFFFFFE27C5410
FFFFFFFFE06F8100
FFFFFFFFDFA90720
FFFFFFFFE056FA40
FFFFFFFFE288FEB0
FFFFFFFFE6382E40
FFFFFFFFEB3FE890
FFFFFFFFF16778F0
FFFFFFFFF8628E50
FFFFFFFFFFD20130
0000000007506F40
000000000E76E110
0000000014E5DA00
000000001A482BD0
000000001E5BB2F0
0000000020F70270
000000002205B120
000000002190CFA0
000000001FBC00F0
000000001CBECC90
0000000018E46D50
00000000148144A0
000000000FF1D2D0
000000000B913E50
0000000007B05CF0
0000000004927110
0000000002692B30
00000000014D3F30
00000000013F2760
0000000002275D60
0000000003D62D20
00000000060BB0F0
00000000087B7200
000000000AD098A0
000000000CB69FE0
000000000DE245A0
000000000E12D670
000000000D1C0F90
000000000AE59450
00000000077143B0
0000000002DD50F0
FFFFFFFFFD5B1860
FFFFFFFFF7327800
FFFFFFFFF0BB8F80
FFFFFFFFEA557250
FFFFFFFFE4638060
FFFFFFFFDF4437E0
FFFFFFFFDB4CC940
FFFFFFFFD8BCE500
FFFFFFFFD7BE7C20
FFFFFFFFD8661CF0
FFFFFFFFDAA999D0
FFFFFFFFDE684730
FFFFFFFFE363E1D0
FFFFFFFFE951AD70
FFFFFFFFEFD5B300
FFFFFFFFF68A2F50
FFFFFFFFFD0E4A50
00000000030659A0
000000000822D8E0
000000000C25FA30
000000000EEBD690
0000000010674E80
0000000010A56770
000000000FCB7B50
000000000E128E40
000000000BC28E10
00000000092EE8C0
0000000006AD78F0
0000000004905E00
00000000031D6780
00000000028ABD20
0000000002FA58A0
0000000004766090
0000000006EF5760
000000000A404140
000000000E2C3250
000000001266B920
000000001699C4B0
000000001A6C81C0
000000001D83ABF0
000000001F907F00
000000002056F8E0
000000001FA905C0
000000001D770150
0000000019C7D1C0
0000000014C01770
000000000E988710
00000000079D71B0
00000000002DFED0
FFFFFFFFF8AF90C0
FFFFFFFFF1891EF0
FFFFFFFFEB1A2600
FFFFFFFFE5B7D430
FFFFFFFFE1A44D10
FFFFFFFFDF08FD90
FFFFFFFFDDFA4EE0
FFFFFFFFDE6F3060
FFFFFFFFE043FF10
FFFFFFFFE3413370
FFFFFFFFE71B92B0
FFFFFFFFEB7EBB60
FFFFFFFFF00E2D30
FFFFFFFFF46EC1B0
FFFFFFFFF84FA310
FFFFFFFFFB6D8EF0
FFFFFFFFFD96D4D0
FFFFFFFFFEB2C0D0
FFFFFFFFFEC0D8A0
FFFFFFFFFDD8A2A0
FFFFFFFFFC29D2E0
FFFFFFFFF9F44F10
FFFFFFFFF7848E00
FFFFFFFFF52F6760
FFFFFFFFF3496020
FFFFFFFFF21DBA60
FFFFFFFFF1ED2990
FFFFFFFFF2E3F070
FFFFFFFFF51A6BB0
FFFFFFFFF88EBC50
FFFFFFFFFD22AF10
0000000002A4E7A0
0000000008CD8800
000000000F447080
0000000015AA8DB0
000000001B9C7FA0
0000000020BBC820
0000000024B336C0
0000000027431B00
00000000284183E0
000000002799E310
0000000025566630
000000002197B8D0
000000001C9C1E30
0000000016AE5290
00000000102A4D00
000000000975D0B0
0000000002F1B5B0
FFFFFFFFFCF9A660
FFFFFFFFF7DD2720
FFFFFFFFF3DA05D0
FFFFFFFFF1142970
FFFFFFFFEF98B180
FFFFFFFFEF5A9890
FFFFFFFFF03484B0
FFFFFFFFF1ED71C0
FFFFFFFFF43D71F0
FFFFFFFFF6D11740
FFFFFFFFF9528710
FFFFFFFFFB6FA200
FFFFFFFFFCE29880
FFFFFFFFFD7542E0
FFFFFFFFFD05A760
FFFFFFFFFB899F70
FFFFFFFFF910A8A0
FFFFFFFFF5BFBEC0
FFFFFFFFF1D3CDB0
FFFFFFFFED9946E0
FFFFFFFFE9663B50
FFFFFFFFE5937E40
FFFFFFFFE27C5410
FFFFFFFFE06F8100
FFFFFFFFDFA90720
FFFFFFFFE056FA40
FFFFFFFFE288FEB0
FFFFFFFFE6382E40
FFFFFFFFEB3FE890
FFFFFFFFF16778F0
FFFFFFFFF8628E50
FFFFFFFFFFD20130
0000000007506F40
000000000E76E110
0000000014E5DA00
000000001A482BD0
000000001E5BB2F0
0000000020F70270
000000002205B120
000000002190CFA0
000000001FBC00F0
000000001CBECC90
0000000018E46D50
00000000148144A0
000000000FF1D2D0
000000000B913E50
0000000007B05CF0
0000000004927110
0000000002692B30
00000000014D3F30
00000000013F2760
0000000002275D60
0000000003D62D20
00000000060BB0F0
00000000087B7200
000000000AD098A0
000000000CB69FE0
000000000DE245A0
000000000E12D670
000000000D1C0F90
000000000AE59450
00000000077143B0
0000000002DD50F0
FFFFFFFFFD5B1860
FFFFFFFFF7327800
FFFFFFFFF0BB8F80
FFFFFFFFEA557250
FFFFFFFFE4638060
FFFFFFFFDF4437E0
FFFFFFFFDB4CC940
FFFFFFFFD8BCE500
FFFFFFFFD7BE7C20
FFFFFFFFD8661CF0
FFFFFFFFDAA999D0
FFFFFFFFDE684730
FFFFFFFFE363E1D0
FFFFFFFFE951AD70
FFFFFFFFEFD5B300
FFFFFFFFF68A2F50
FFFFFFFFFD0E4A50
00000000030659A0
000000000822D8E0
000000000C25FA30
000000000EEBD690
0000000010674E80
0000000010A56770
000000000FCB7B50
000000000E128E40
000000000BC28E10
00000000092EE8C0
0000000006AD78F0
0000000004905E00
00000000031D6780
00000000028ABD20
0000000002FA58A0
0000000004766090
